address,closest_mrt,closest_mrt_dist,cbd_dist,month,town,flat_type,block,storey_range,floor_area_sqm,flat_model,resale_price,year,years_remaining
459 ANG MO KIO AVE 10,Ang Mo Kio MRT Station,1139.237829,9333.847525,2018-08,ANG MO KIO,5 ROOM,459,16 TO 18,120.0,Improved,593000.0,2018,61
346 ANG MO KIO AVE 3,Ang Mo Kio MRT Station,313.9132074,9300.675712,2018-06,ANG MO KIO,3 ROOM,346,10 TO 12,73.0,New Generation,340000.0,2018,59
259 ANG MO KIO AVE 2,Mayflower MRT Station,642.181768,9714.8707,2023-03,ANG MO KIO,5 ROOM,259,10 TO 12,135.0,Model A,850000.0,2023,58
611 ANG MO KIO AVE 5,Mayflower MRT Station,758.9296011,10652.26023,2017-11,ANG MO KIO,3 ROOM,611,01 TO 03,67.0,New Generation,266000.0,2017,62
336 ANG MO KIO AVE 1,Ang Mo Kio MRT Station,743.4350347,8911.817049,2018-04,ANG MO KIO,4 ROOM,336,01 TO 03,91.0,New Generation,395000.0,2018,63
327 ANG MO KIO AVE 3,Ang Mo Kio MRT Station,428.0856123,9306.516015,2017-06,ANG MO KIO,4 ROOM,327,04 TO 06,98.0,New Generation,488000.0,2017,59
320 ANG MO KIO AVE 1,Ang Mo Kio MRT Station,497.327924,9138.402062,2022-02,ANG MO KIO,3 ROOM,320,07 TO 09,73.0,New Generation,380000.0,2022,54
435 ANG MO KIO AVE 10,Ang Mo Kio MRT Station,573.8199518,9371.712129,2017-08,ANG MO KIO,3 ROOM,435,04 TO 06,82.0,New Generation,358000.0,2017,61
607 ANG MO KIO AVE 4,Lentor MRT Station,653.7615214,10866.63797,2018-05,ANG MO KIO,3 ROOM,607,07 TO 09,68.0,New Generation,275000.0,2018,61
132 ANG MO KIO AVE 3,Mayflower MRT Station,580.4566026,9837.24085,2022-02,ANG MO KIO,5 ROOM,132,07 TO 09,123.0,Standard,630000.0,2022,56
150 ANG MO KIO AVE 5,Yio Chu Kang MRT Station,636.9849102,10423.98357,2022-12,ANG MO KIO,3 ROOM,150,04 TO 06,68.0,New Generation,340000.0,2022,58
720 ANG MO KIO AVE 6,Ang Mo Kio MRT Station,352.6080285,9830.868659,2018-06,ANG MO KIO,3 ROOM,720,01 TO 03,82.0,New Generation,326888.0,2018,61
588B ANG MO KIO ST 52,Ang Mo Kio MRT Station,459.2322764,9840.63413,2017-10,ANG MO KIO,5 ROOM,588B,10 TO 12,112.0,DBSS,755000.0,2017,93
588A ANG MO KIO ST 52,Ang Mo Kio MRT Station,430.4190872,9851.054067,2017-05,ANG MO KIO,5 ROOM,588A,04 TO 06,120.0,DBSS,788000.0,2017,93
557 ANG MO KIO AVE 10,Ang Mo Kio MRT Station,929.1641593,9825.917255,2017-09,ANG MO KIO,3 ROOM,557,01 TO 03,68.0,New Generation,265000.0,2017,62
129 ANG MO KIO AVE 3,Mayflower MRT Station,635.2384969,9663.283533,2022-08,ANG MO KIO,3 ROOM,129,04 TO 06,73.0,New Generation,360000.0,2022,56
596A ANG MO KIO ST 52,Ang Mo Kio MRT Station,316.5823672,9888.814405,2020-01,ANG MO KIO,5 ROOM,596A,28 TO 30,110.0,Improved,789000.0,2020,81
202 ANG MO KIO AVE 3,Ang Mo Kio MRT Station,584.672197,9478.343681,2019-07,ANG MO KIO,3 ROOM,202,07 TO 09,67.0,New Generation,280000.0,2019,57
218 ANG MO KIO AVE 1,Mayflower MRT Station,907.6020846,9142.392607,2022-11,ANG MO KIO,3 ROOM,218,13 TO 15,67.0,New Generation,360000.0,2022,53
439 ANG MO KIO AVE 10,Ang Mo Kio MRT Station,595.1167055,9213.242553,2022-08,ANG MO KIO,5 ROOM,439,10 TO 12,119.0,Improved,665000.0,2022,56
20 BEDOK STH RD,Tanah Merah MRT Station,1634.118769,10041.31441,2019-06,BEDOK,5 ROOM,20,10 TO 12,117.0,Standard,645000.0,2019,56
109 LENGKONG TIGA,Kembangan MRT Station,464.9438217,8052.146386,2018-06,BEDOK,4 ROOM,109,10 TO 12,104.0,Model A,665000.0,2018,70
95 BEDOK NTH AVE 4,Tanah Merah MRT Station,874.7779866,11561.03853,2019-06,BEDOK,4 ROOM,95,07 TO 09,92.0,New Generation,368000.0,2019,59
501 BEDOK NTH ST 3,Bedok Reservoir MRT Station,561.9272762,10389.10762,2022-03,BEDOK,3 ROOM,501,13 TO 15,59.0,Improved,312000.0,2022,55
57 NEW UPP CHANGI RD,Tanah Merah MRT Station,640.4754378,11032.85714,2021-11,BEDOK,3 ROOM,57,10 TO 12,60.0,Improved,315000.0,2021,63
401 BEDOK NTH AVE 3,Bedok Reservoir MRT Station,640.5156977,10585.36516,2019-02,BEDOK,3 ROOM,401,07 TO 09,67.0,New Generation,290000.0,2019,59
554 BEDOK NTH ST 3,Bedok Reservoir MRT Station,630.9916029,10163.82939,2019-09,BEDOK,3 ROOM,554,04 TO 06,68.0,New Generation,280000.0,2019,60
18 BEDOK STH RD,Tanah Merah MRT Station,1499.024407,10174.91123,2020-09,BEDOK,3 ROOM,18,13 TO 15,65.0,Improved,285000.0,2020,55
426 BEDOK NTH RD,Bedok Reservoir MRT Station,835.0452229,10076.13109,2020-06,BEDOK,3 ROOM,426,01 TO 03,67.0,New Generation,256800.0,2020,58
518 BEDOK NTH AVE 2,Bedok Reservoir MRT Station,718.7418122,10114.93682,2021-09,BEDOK,4 ROOM,518,04 TO 06,92.0,New Generation,380000.0,2021,57
95 BEDOK NTH AVE 4,Tanah Merah MRT Station,874.7779866,11561.03853,2020-12,BEDOK,4 ROOM,95,04 TO 06,92.0,New Generation,340000.0,2020,58
81 BEDOK NTH RD,Tanah Merah MRT Station,682.6282847,11152.96181,2021-07,BEDOK,4 ROOM,81,07 TO 09,92.0,New Generation,391800.0,2021,56
221C BEDOK CTRL,Bedok Reservoir MRT Station,1302.776463,10332.33376,2019-11,BEDOK,3 ROOM,221C,13 TO 15,69.0,Model A,493000.0,2019,90
748A BEDOK RESERVOIR CRES,Bedok North MRT Station,383.3590781,9749.310343,2020-08,BEDOK,4 ROOM,748A,13 TO 15,87.0,DBSS,733000.0,2020,93
547 BEDOK NTH ST 3,Bedok North MRT Station,962.2909393,9770.206272,2020-09,BEDOK,4 ROOM,547,10 TO 12,92.0,New Generation,368000.0,2020,59
146 BEDOK RESERVOIR RD,Kaki Bukit MRT Station,363.2506222,8843.359468,2017-09,BEDOK,5 ROOM,146,01 TO 03,122.0,Improved,440000.0,2017,68
525 BEDOK NTH ST 3,Bedok Reservoir MRT Station,381.5742308,10401.49032,2023-01,BEDOK,3 ROOM,525,07 TO 09,67.0,New Generation,346888.0,2023,55
53 NEW UPP CHANGI RD,Tanah Merah MRT Station,556.0618193,11123.89812,2020-11,BEDOK,4 ROOM,53,13 TO 15,84.0,Improved,415000.0,2020,56
504 BEDOK NTH ST 3,Bedok Reservoir MRT Station,523.0623836,10519.23869,2020-12,BEDOK,3 ROOM,504,04 TO 06,59.0,Improved,250000.0,2020,57
529 BEDOK NTH ST 3,Bedok Reservoir MRT Station,684.2328162,10112.30657,2017-11,BEDOK,3 ROOM,529,04 TO 06,68.0,New Generation,293000.0,2017,61
236 BISHAN ST 22,Bishan MRT Station,882.7587374,8417.804611,2022-07,BISHAN,4 ROOM,236,04 TO 06,119.0,Model A,700000.0,2022,69
124 BISHAN ST 12,Bishan MRT Station,585.460715,7018.856082,2017-06,BISHAN,5 ROOM,124,10 TO 12,121.0,Improved,720000.0,2017,69
23 SIN MING RD,Upper Thomson MRT Station,325.6235742,8075.624803,2020-10,BISHAN,3 ROOM,23,04 TO 06,65.0,Improved,250000.0,2020,52
256 BISHAN ST 22,Ang Mo Kio MRT Station,1221.719943,8712.978444,2017-08,BISHAN,4 ROOM,256,07 TO 09,115.0,Model A,628888.0,2017,74
275A BISHAN ST 24,Bishan MRT Station,866.2414198,8199.12865,2020-07,BISHAN,5 ROOM,275A,28 TO 30,120.0,DBSS,1060000.0,2020,90
135 BISHAN ST 12,Braddell MRT Station,674.0706989,6807.228257,2020-12,BISHAN,5 ROOM,135,10 TO 12,121.0,Improved,723000.0,2020,66
268 BISHAN ST 24,Marymount MRT Station,1030.49093,8313.204091,2021-10,BISHAN,4 ROOM,268,10 TO 12,104.0,Model A,670000.0,2021,70
189 BISHAN ST 13,Bishan MRT Station,323.1912831,7433.360901,2021-08,BISHAN,3 ROOM,189,04 TO 06,64.0,Simplified,443000.0,2021,66
144 BISHAN ST 12,Bishan MRT Station,754.8312294,6963.359352,2019-05,BISHAN,5 ROOM,144,01 TO 03,123.0,Improved,630000.0,2019,68
114 BISHAN ST 12,Bishan MRT Station,417.4698478,7142.619779,2017-10,BISHAN,4 ROOM,114,07 TO 09,84.0,Simplified,520000.0,2017,68
273B BISHAN ST 24,Bishan MRT Station,821.5137817,8126.887126,2022-12,BISHAN,5 ROOM,273B,01 TO 03,120.0,DBSS,1085000.0,2022,88
180 BISHAN ST 13,Bishan MRT Station,478.1889376,7242.556991,2022-05,BISHAN,3 ROOM,180,04 TO 06,64.0,Simplified,430000.0,2022,65
166 BISHAN ST 13,Bishan MRT Station,729.5198425,7295.93514,2021-05,BISHAN,5 ROOM,166,04 TO 06,122.0,Improved,658888.0,2021,65
250 BISHAN ST 22,Ang Mo Kio MRT Station,1112.327944,8731.358139,2018-10,BISHAN,5 ROOM,250,04 TO 06,131.0,Model A,745000.0,2018,73
233 BISHAN ST 22,Bishan MRT Station,894.6233645,8380.909918,2021-09,BISHAN,4 ROOM,233,01 TO 03,105.0,Model A,530000.0,2021,70
167 BISHAN ST 13,Bishan MRT Station,786.6368786,7202.181693,2020-11,BISHAN,4 ROOM,167,01 TO 03,103.0,Model A,488800.0,2020,67
222 BISHAN ST 23,Bishan MRT Station,750.2035594,8304.143141,2021-11,BISHAN,EXECUTIVE,222,04 TO 06,146.0,Maisonette,950000.0,2021,70
237 BISHAN ST 22,Bishan MRT Station,923.0759624,8462.737966,2017-11,BISHAN,4 ROOM,237,04 TO 06,114.0,Model A,688000.0,2017,74
216 BISHAN ST 23,Bishan MRT Station,559.0095225,8116.246001,2022-04,BISHAN,4 ROOM,216,04 TO 06,105.0,Model A,665000.0,2022,69
403 SIN MING AVE,Upper Thomson MRT Station,938.0799665,9048.564629,2019-03,BISHAN,3 ROOM,403,04 TO 06,64.0,Simplified,375000.0,2019,66
187 BT BATOK WEST AVE 6,Bukit Batok MRT Station,605.1672448,13794.65597,2017-05,BUKIT BATOK,4 ROOM,187,10 TO 12,105.0,Model A,432000.0,2017,71
339 BT BATOK ST 34,Bukit Gombak MRT Station,516.4419014,14273.19432,2022-12,BUKIT BATOK,3 ROOM,339,10 TO 12,73.0,Model A,380000.0,2022,64
173 BT BATOK WEST AVE 8,Chinese Garden MRT Station,993.2545252,14136.8614,2017-02,BUKIT BATOK,3 ROOM,173,01 TO 03,67.0,New Generation,268000.0,2017,66
336 BT BATOK ST 32,Bukit Gombak MRT Station,797.4836402,14604.82011,2021-04,BUKIT BATOK,4 ROOM,336,04 TO 06,84.0,Simplified,340000.0,2021,64
106 BT BATOK CTRL,Bukit Batok MRT Station,268.1312598,13647.76843,2020-07,BUKIT BATOK,4 ROOM,106,04 TO 06,104.0,Model A,355018.0,2020,64
289B BT BATOK ST 25,Bukit Batok MRT Station,1350.558693,12138.09341,2019-01,BUKIT BATOK,EXECUTIVE,289B,10 TO 12,144.0,Apartment,730000.0,2019,77
235 BT BATOK EAST AVE 5,Bukit Batok MRT Station,759.3005427,12814.3692,2022-05,BUKIT BATOK,3 ROOM,235,01 TO 03,67.0,New Generation,335000.0,2022,62
296A BT BATOK ST 22,Bukit Batok MRT Station,635.6034149,13487.12714,2022-09,BUKIT BATOK,5 ROOM,296A,25 TO 27,113.0,Premium Apartment,865000.0,2022,95
526 BT BATOK ST 51,Bukit Gombak MRT Station,185.2049565,13841.47401,2023-03,BUKIT BATOK,EXECUTIVE,526,04 TO 06,146.0,Maisonette,775000.0,2023,62
254 BT BATOK EAST AVE 4,Bukit Batok MRT Station,968.0584417,12728.95623,2022-06,BUKIT BATOK,5 ROOM,254,04 TO 06,121.0,Improved,560000.0,2022,62
167 BT BATOK WEST AVE 8,Bukit Batok MRT Station,834.9952729,14044.36712,2019-12,BUKIT BATOK,3 ROOM,167,04 TO 06,74.0,Model A,253000.0,2019,64
102 BT BATOK WEST AVE 6,Bukit Batok MRT Station,277.5689698,13576.3286,2022-02,BUKIT BATOK,5 ROOM,102,07 TO 09,150.0,Model A,650000.0,2022,62
290A BT BATOK ST 24,Bukit Batok MRT Station,1003.349376,12475.5166,2019-12,BUKIT BATOK,5 ROOM,290A,01 TO 03,121.0,Improved,465000.0,2019,78
296A BT BATOK ST 22,Bukit Batok MRT Station,635.6034149,13487.12714,2022-11,BUKIT BATOK,4 ROOM,296A,04 TO 06,95.0,Premium Apartment,705000.0,2022,95
238 BT BATOK EAST AVE 5,Bukit Batok MRT Station,592.2317862,13042.11205,2018-02,BUKIT BATOK,3 ROOM,238,07 TO 09,67.0,New Generation,263000.0,2018,67
162 BT BATOK ST 11,Bukit Batok MRT Station,857.5431767,14121.61602,2017-05,BUKIT BATOK,4 ROOM,162,07 TO 09,105.0,Model A,405000.0,2017,67
249 BT BATOK EAST AVE 5,Bukit Batok MRT Station,808.7603633,12925.15097,2017-10,BUKIT BATOK,3 ROOM,249,01 TO 03,73.0,Model A,265000.0,2017,67
119 BT BATOK WEST AVE 6,Bukit Batok MRT Station,341.5626178,13813.8856,2020-10,BUKIT BATOK,4 ROOM,119,07 TO 09,103.0,Model A,410000.0,2020,63
296A BT BATOK ST 22,Bukit Batok MRT Station,635.6034149,13487.12714,2023-04,BUKIT BATOK,5 ROOM,296A,16 TO 18,115.0,Premium Apartment,900000.0,2023,94
208 BT BATOK ST 21,Bukit Batok MRT Station,343.4038046,13359.44249,2021-02,BUKIT BATOK,4 ROOM,208,10 TO 12,104.0,Model A,428000.0,2021,61
108 BT PURMEI RD,HarbourFront MRT Station,978.0514969,3079.001317,2022-08,BUKIT MERAH,3 ROOM,108,04 TO 06,75.0,Model A,416000.0,2022,61
18 TIONG BAHRU RD,Tiong Bahru MRT Station,624.6417782,2103.735656,2018-04,BUKIT MERAH,3 ROOM,18,01 TO 03,88.0,Standard,560000.0,2018,54
77A REDHILL RD,Redhill MRT Station,156.3504724,3820.397791,2021-04,BUKIT MERAH,5 ROOM,77A,01 TO 03,115.0,Improved,725000.0,2021,83
17 TELOK BLANGAH CRES,Tiong Bahru MRT Station,1102.579434,3344.39128,2019-09,BUKIT MERAH,5 ROOM,17,04 TO 06,120.0,Improved,700000.0,2019,82
74A REDHILL RD,Redhill MRT Station,192.8711759,3939.960662,2019-03,BUKIT MERAH,5 ROOM,74A,07 TO 09,115.0,Improved,836000.0,2019,85
75A REDHILL RD,Redhill MRT Station,238.9959608,4047.801721,2017-08,BUKIT MERAH,4 ROOM,75A,16 TO 18,100.0,Model A,808808.0,2017,87
50 TELOK BLANGAH DR,Telok Blangah MRT Station,267.0083428,4709.624618,2018-10,BUKIT MERAH,4 ROOM,50,07 TO 09,98.0,New Generation,500000.0,2018,59
13 TELOK BLANGAH CRES,Tiong Bahru MRT Station,1147.393959,3472.040751,2019-08,BUKIT MERAH,3 ROOM,13,13 TO 15,65.0,Improved,245000.0,2019,55
68 REDHILL CL,Redhill MRT Station,315.6492116,3948.968226,2018-09,BUKIT MERAH,4 ROOM,68,16 TO 18,100.0,Model A,702888.0,2018,82
38 BEO CRES,Tiong Bahru MRT Station,262.8886904,2741.773318,2021-10,BUKIT MERAH,3 ROOM,38,07 TO 09,59.0,Standard,295000.0,2021,49
36 JLN RUMAH TINGGI,Queenstown MRT Station,733.9804799,4771.300094,2019-04,BUKIT MERAH,5 ROOM,36,01 TO 03,120.0,Improved,590000.0,2019,79
80A TELOK BLANGAH ST 31,Labrador Park MRT Station,380.8147463,5082.57878,2021-09,BUKIT MERAH,4 ROOM,80A,31 TO 33,95.0,Premium Apartment,975000.0,2021,91
10A BOON TIONG RD,Tiong Bahru MRT Station,292.9482216,2440.538391,2021-06,BUKIT MERAH,4 ROOM,10A,31 TO 33,93.0,Model A,1008000.0,2021,94
48 LOWER DELTA RD,Tiong Bahru MRT Station,369.9622736,2882.673671,2020-11,BUKIT MERAH,2 ROOM,48,10 TO 12,42.0,Standard,180000.0,2020,49
143 JLN BT MERAH,Tiong Bahru MRT Station,988.0820346,2439.478443,2017-10,BUKIT MERAH,5 ROOM,143,16 TO 18,117.0,Improved,673000.0,2017,63
63 TELOK BLANGAH HTS,Telok Blangah MRT Station,474.6216255,4581.513035,2018-03,BUKIT MERAH,3 ROOM,63,01 TO 03,73.0,New Generation,332000.0,2018,57
33 TELOK BLANGAH WAY,HarbourFront MRT Station,994.8064033,3378.216609,2020-07,BUKIT MERAH,3 ROOM,33,07 TO 09,59.0,Improved,243800.0,2020,55
119C KIM TIAN RD,Tiong Bahru MRT Station,525.6654196,2634.909559,2018-01,BUKIT MERAH,4 ROOM,119C,04 TO 06,92.0,Model A,590000.0,2018,84
121 KIM TIAN PL,Tiong Bahru MRT Station,420.3138617,2538.648804,2020-01,BUKIT MERAH,5 ROOM,121,19 TO 21,115.0,Improved,810000.0,2020,80
104 BT PURMEI RD,HarbourFront MRT Station,899.1199187,3088.482155,2019-06,BUKIT MERAH,3 ROOM,104,04 TO 06,75.0,Model A,340000.0,2019,64
546C SEGAR RD,Bukit Panjang MRT Station,1459.121206,14840.24737,2019-05,BUKIT PANJANG,5 ROOM,546C,07 TO 09,112.0,Improved,495000.0,2019,95
205 PETIR RD,Cashew MRT Station,1128.694368,13196.1416,2021-09,BUKIT PANJANG,3 ROOM,205,07 TO 09,73.0,Model A,322000.0,2021,66
272 BANGKIT RD,Cashew MRT Station,1407.126114,13508.57992,2022-08,BUKIT PANJANG,4 ROOM,272,04 TO 06,106.0,Model A,465000.0,2022,65
508 JELAPANG RD,Bukit Panjang MRT Station,1189.193095,14656.68154,2022-09,BUKIT PANJANG,4 ROOM,508,10 TO 12,90.0,Model A2,452000.0,2022,75
215 PETIR RD,Cashew MRT Station,1244.765402,13309.32184,2022-01,BUKIT PANJANG,3 ROOM,215,01 TO 03,64.0,Simplified,300000.0,2022,66
203 PETIR RD,Cashew MRT Station,1290.172054,13049.03854,2017-06,BUKIT PANJANG,5 ROOM,203,07 TO 09,122.0,Improved,435000.0,2017,70
443B FAJAR RD,Bukit Panjang MRT Station,949.3830359,14147.37434,2022-02,BUKIT PANJANG,5 ROOM,443B,10 TO 12,113.0,Improved,648800.0,2022,93
257 BANGKIT RD,Bukit Panjang MRT Station,1313.962997,13676.77031,2021-01,BUKIT PANJANG,4 ROOM,257,04 TO 06,103.0,Model A,370000.0,2021,67
112 PENDING RD,Bukit Panjang MRT Station,817.1999732,14001.57482,2019-11,BUKIT PANJANG,4 ROOM,112,01 TO 03,88.0,Simplified,280000.0,2019,68
635A SENJA RD,Bukit Panjang MRT Station,995.5121748,15517.25727,2022-05,BUKIT PANJANG,5 ROOM,635A,31 TO 33,112.0,Improved,740000.0,2022,92
549B SEGAR RD,Bukit Panjang MRT Station,1423.3997,15018.93991,2020-10,BUKIT PANJANG,4 ROOM,549B,10 TO 12,92.0,Model A,440000.0,2020,94
547A SEGAR RD,Bukit Panjang MRT Station,1417.412229,14724.41746,2019-08,BUKIT PANJANG,4 ROOM,547A,13 TO 15,92.0,Model A,445000.0,2019,95
605 SENJA RD,Bukit Panjang MRT Station,247.6083173,14698.40694,2021-12,BUKIT PANJANG,5 ROOM,605,25 TO 27,120.0,Improved,775000.0,2021,77
550A SEGAR RD,Bukit Panjang MRT Station,1333.599873,15001.9585,2020-08,BUKIT PANJANG,3 ROOM,550A,10 TO 12,67.0,Model A,325000.0,2020,94
476 SEGAR RD,Bukit Panjang MRT Station,1711.940203,14602.19673,2019-05,BUKIT PANJANG,5 ROOM,476,07 TO 09,110.0,Premium Apartment,375000.0,2019,82
153 GANGSA RD,Cashew MRT Station,582.7278598,13948.53411,2017-07,BUKIT PANJANG,5 ROOM,153,13 TO 15,121.0,Improved,548888.0,2017,80
454 FAJAR RD,Bukit Panjang MRT Station,1302.120301,14309.65045,2020-03,BUKIT PANJANG,3 ROOM,454,04 TO 06,68.0,Model A,310000.0,2020,94
635B SENJA RD,Bukit Panjang MRT Station,974.589554,15482.89455,2019-10,BUKIT PANJANG,4 ROOM,635B,19 TO 21,93.0,Model A,440000.0,2019,95
636A SENJA RD,Bukit Panjang MRT Station,972.0567767,15446.80643,2020-06,BUKIT PANJANG,3 ROOM,636A,07 TO 09,67.0,Model A,323000.0,2020,94
504 JELAPANG RD,Bukit Panjang MRT Station,914.4959577,14652.55437,2019-03,BUKIT PANJANG,5 ROOM,504,01 TO 03,123.0,Improved,420000.0,2019,78
1 TOH YI DR,Beauty World MRT Station,253.5896374,10584.55364,2017-06,BUKIT TIMAH,4 ROOM,1,04 TO 06,104.0,Model A,680000.0,2017,70
11 TOH YI DR,Beauty World MRT Station,516.3701089,10662.81871,2021-05,BUKIT TIMAH,5 ROOM,11,01 TO 03,122.0,Improved,770000.0,2021,67
11 TOH YI DR,Beauty World MRT Station,516.3701089,10662.81871,2018-07,BUKIT TIMAH,4 ROOM,11,10 TO 12,104.0,Model A,720000.0,2018,70
6 FARRER RD,Farrer Road MRT Station,76.59805295,6128.765114,2022-08,BUKIT TIMAH,4 ROOM,6,01 TO 03,91.0,Improved,530000.0,2022,51
5 FARRER RD,Farrer Road MRT Station,97.74938457,6145.105363,2017-01,BUKIT TIMAH,5 ROOM,5,10 TO 12,120.0,Standard,890000.0,2017,56
8 TOH YI DR,Beauty World MRT Station,443.2435623,10531.67756,2019-09,BUKIT TIMAH,EXECUTIVE,8,01 TO 03,146.0,Maisonette,990000.0,2019,69
13 TOH YI DR,Beauty World MRT Station,466.5359842,10724.9026,2017-04,BUKIT TIMAH,4 ROOM,13,13 TO 15,104.0,Model A,650000.0,2017,70
4 TOH YI DR,Beauty World MRT Station,366.770496,10516.57589,2021-09,BUKIT TIMAH,5 ROOM,4,01 TO 03,122.0,Improved,828000.0,2021,66
4 QUEEN'S RD,Farrer Road MRT Station,171.7628257,6233.295793,2022-08,BUKIT TIMAH,3 ROOM,4,04 TO 06,73.0,Improved,420000.0,2022,51
16 TOH YI DR,Beauty World MRT Station,403.5831873,10752.03791,2022-10,BUKIT TIMAH,4 ROOM,16,04 TO 06,104.0,Model A,790000.0,2022,65
4 TOH YI DR,Beauty World MRT Station,366.770496,10516.57589,2020-12,BUKIT TIMAH,4 ROOM,4,13 TO 15,104.0,Model A,710888.0,2020,67
2 QUEEN'S RD,Botanic Gardens MRT Station,487.5961512,6281.764484,2022-06,BUKIT TIMAH,4 ROOM,2,01 TO 03,89.0,Improved,628000.0,2022,51
14 TOH YI DR,Beauty World MRT Station,429.9482308,10734.74458,2017-07,BUKIT TIMAH,4 ROOM,14,13 TO 15,104.0,Model A,680000.0,2017,70
3 QUEEN'S RD,Botanic Gardens MRT Station,419.499048,6238.380809,2022-11,BUKIT TIMAH,4 ROOM,3,10 TO 12,91.0,Improved,590000.0,2022,51
5 FARRER RD,Farrer Road MRT Station,97.74938457,6145.105363,2020-01,BUKIT TIMAH,5 ROOM,5,07 TO 09,123.0,Standard,850000.0,2020,53
4 TOH YI DR,Beauty World MRT Station,366.770496,10516.57589,2023-01,BUKIT TIMAH,4 ROOM,4,07 TO 09,104.0,Model A,840000.0,2023,64
15 TOH YI DR,Beauty World MRT Station,459.2080735,10796.0938,2017-09,BUKIT TIMAH,EXECUTIVE,15,01 TO 03,146.0,Maisonette,885000.0,2017,70
1 TOH YI DR,Beauty World MRT Station,253.5896374,10584.55364,2019-05,BUKIT TIMAH,4 ROOM,1,07 TO 09,104.0,Model A,740000.0,2019,68
17 TOH YI DR,Beauty World MRT Station,384.1760279,10779.68609,2019-11,BUKIT TIMAH,5 ROOM,17,04 TO 06,122.0,Improved,783000.0,2019,68
4 QUEEN'S RD,Farrer Road MRT Station,171.7628257,6233.295793,2020-07,BUKIT TIMAH,3 ROOM,4,07 TO 09,73.0,Improved,388000.0,2020,53
34 UPP CROSS ST,Chinatown MRT Station,386.5133992,1063.241124,2018-06,CENTRAL AREA,3 ROOM,34,07 TO 09,65.0,Improved,376000.0,2018,56
9 SELEGIE RD,Rochor MRT Station,233.3174721,2263.422424,2022-02,CENTRAL AREA,4 ROOM,9,10 TO 12,84.0,Standard,480000.0,2022,51
671A KLANG LANE,Little India MRT Station,292.5155444,2856.389461,2019-12,CENTRAL AREA,4 ROOM,671A,16 TO 18,75.0,Model A,483000.0,2019,83
633 VEERASAMY RD,Jalan Besar MRT Station,71.00928636,2543.317325,2021-12,CENTRAL AREA,3 ROOM,633,01 TO 03,72.0,Model A,460000.0,2021,63
672B KLANG LANE,Little India MRT Station,378.6197497,2884.189222,2018-12,CENTRAL AREA,5 ROOM,672B,07 TO 09,105.0,Improved,585888.0,2018,83
9 SELEGIE RD,Rochor MRT Station,233.3174721,2263.422424,2018-11,CENTRAL AREA,3 ROOM,9,16 TO 18,56.0,Standard,390000.0,2018,55
32 NEW MKT RD,Chinatown MRT Station,293.9665621,992.1200279,2022-11,CENTRAL AREA,2 ROOM,32,07 TO 09,52.0,Standard,350000.0,2022,60
335B SMITH ST,Chinatown MRT Station,279.0777178,876.6637468,2020-09,CENTRAL AREA,4 ROOM,335B,10 TO 12,82.0,Improved,590000.0,2020,63
335A SMITH ST,Chinatown MRT Station,346.0186871,945.962861,2022-03,CENTRAL AREA,3 ROOM,335A,10 TO 12,60.0,Improved,428000.0,2022,61
1C CANTONMENT RD,Outram Park MRT Station,348.6761049,1235.378296,2021-11,CENTRAL AREA,5 ROOM,1C,04 TO 06,105.0,Type S2,1020000.0,2021,89
8 JLN KUKOH,Chinatown MRT Station,727.4791354,1409.321548,2022-12,CENTRAL AREA,2 ROOM,8,16 TO 18,54.0,Improved,308000.0,2022,48
642 ROWELL RD,Jalan Besar MRT Station,317.8930122,2800.438353,2023-01,CENTRAL AREA,5 ROOM,642,22 TO 24,141.0,Model A,950000.0,2023,60
3 TG PAGAR PLAZA,Tanjong Pagar MRT Station,411.517629,1280.729667,2019-03,CENTRAL AREA,3 ROOM,3,04 TO 06,70.0,Improved,480000.0,2019,57
269B QUEEN ST,Bugis MRT Station,249.6209338,1934.299684,2018-05,CENTRAL AREA,4 ROOM,269B,07 TO 09,92.0,New Generation,722000.0,2018,65
1A CANTONMENT RD,Outram Park MRT Station,264.8150307,1283.717649,2018-09,CENTRAL AREA,5 ROOM,1A,40 TO 42,107.0,Type S2,1100000.0,2018,92
29 KELANTAN RD,Jalan Besar MRT Station,212.5144302,2595.998268,2019-10,CENTRAL AREA,3 ROOM,29,13 TO 15,65.0,Improved,352000.0,2019,57
663 BUFFALO RD,Little India MRT Station,206.0807356,2508.355468,2022-09,CENTRAL AREA,4 ROOM,663,16 TO 18,82.0,Improved,575000.0,2022,59
1G CANTONMENT RD,Outram Park MRT Station,504.8334832,1388.068912,2021-06,CENTRAL AREA,4 ROOM,1G,46 TO 48,97.0,Type S1,1080000.0,2021,89
263 WATERLOO ST,Bencoolen MRT Station,215.6649944,1729.299527,2017-08,CENTRAL AREA,3 ROOM,263,19 TO 21,60.0,Improved,432000.0,2017,60
1C CANTONMENT RD,Outram Park MRT Station,348.6761049,1235.378296,2017-02,CENTRAL AREA,4 ROOM,1C,04 TO 06,96.0,Type S1,825000.0,2017,93
784 CHOA CHU KANG DR,Yew Tee MRT Station,306.5981204,16929.56568,2020-08,CHOA CHU KANG,4 ROOM,784,04 TO 06,109.0,Model A,373000.0,2020,76
229 CHOA CHU KANG CTRL,Choa Chu Kang MRT Station,566.1627528,15905.08492,2018-07,CHOA CHU KANG,4 ROOM,229,10 TO 12,104.0,Model A,343000.0,2018,70
805B KEAT HONG CL,Choa Chu Kang MRT Station,1401.473935,15598.96762,2022-07,CHOA CHU KANG,5 ROOM,805B,13 TO 15,113.0,Improved,670000.0,2022,94
791 CHOA CHU KANG NTH 6,Yew Tee MRT Station,355.5388505,16794.31403,2017-12,CHOA CHU KANG,5 ROOM,791,07 TO 09,128.0,Improved,488000.0,2017,78
635 CHOA CHU KANG NTH 6,Yew Tee MRT Station,243.4008049,16971.37851,2018-07,CHOA CHU KANG,4 ROOM,635,07 TO 09,113.0,Premium Apartment,435000.0,2018,79
405 CHOA CHU KANG AVE 3,Choa Chu Kang MRT Station,789.4409248,16446.75335,2022-07,CHOA CHU KANG,4 ROOM,405,10 TO 12,104.0,Model A,465000.0,2022,70
668 CHOA CHU KANG CRES,Yew Tee MRT Station,525.2243473,17342.18495,2019-03,CHOA CHU KANG,4 ROOM,668,04 TO 06,102.0,Model A,308000.0,2019,79
760 CHOA CHU KANG NTH 5,Yew Tee MRT Station,492.1947723,16794.27623,2021-10,CHOA CHU KANG,4 ROOM,760,07 TO 09,108.0,Model A,455000.0,2021,73
571 CHOA CHU KANG ST 52,Yew Tee MRT Station,478.2780564,17048.58173,2020-08,CHOA CHU KANG,3 ROOM,571,10 TO 12,67.0,Model A,315000.0,2020,94
426 CHOA CHU KANG AVE 4,Choa Chu Kang MRT Station,782.117243,16488.15586,2022-08,CHOA CHU KANG,4 ROOM,426,16 TO 18,126.0,Model A,560000.0,2022,70
114 TECK WHYE LANE,Choa Chu Kang MRT Station,1035.312895,15390.13313,2019-04,CHOA CHU KANG,3 ROOM,114,04 TO 06,73.0,Model A,280000.0,2019,69
815A CHOA CHU KANG AVE 7,Choa Chu Kang MRT Station,1064.63184,15521.37266,2021-03,CHOA CHU KANG,4 ROOM,815A,07 TO 09,93.0,Model A,453000.0,2021,95
226 CHOA CHU KANG CTRL,Choa Chu Kang MRT Station,475.9598014,16030.94092,2020-03,CHOA CHU KANG,5 ROOM,226,04 TO 06,122.0,Improved,480000.0,2020,72
671 CHOA CHU KANG CRES,Yew Tee MRT Station,565.6197767,17517.67288,2020-04,CHOA CHU KANG,5 ROOM,671,04 TO 06,124.0,Premium Apartment,410000.0,2020,79
656 CHOA CHU KANG CRES,Yew Tee MRT Station,448.790137,17149.39383,2018-08,CHOA CHU KANG,4 ROOM,656,13 TO 15,104.0,Premium Apartment,360000.0,2018,80
668 CHOA CHU KANG CRES,Yew Tee MRT Station,525.2243473,17342.18495,2019-03,CHOA CHU KANG,4 ROOM,668,04 TO 06,103.0,Model A,301000.0,2019,79
687C CHOA CHU KANG DR,Yew Tee MRT Station,805.6364512,17383.0861,2018-12,CHOA CHU KANG,4 ROOM,687C,13 TO 15,90.0,Model A,325000.0,2018,84
487A CHOA CHU KANG AVE 5,Choa Chu Kang MRT Station,1201.004432,16166.34808,2020-09,CHOA CHU KANG,5 ROOM,487A,04 TO 06,113.0,Improved,460000.0,2020,95
437 CHOA CHU KANG AVE 4,Choa Chu Kang MRT Station,437.1233967,16632.7497,2021-08,CHOA CHU KANG,EXECUTIVE,437,01 TO 03,144.0,Apartment,600000.0,2021,71
681 CHOA CHU KANG CRES,Yew Tee MRT Station,648.3718499,17736.80065,2018-09,CHOA CHU KANG,4 ROOM,681,07 TO 09,106.0,Premium Apartment,348000.0,2018,80
311A CLEMENTI AVE 4,Clementi MRT Station,443.5987396,10351.05005,2020-03,CLEMENTI,4 ROOM,311A,04 TO 06,82.0,DBSS,695000.0,2020,93
111 CLEMENTI ST 13,Clementi MRT Station,1112.824752,9969.35361,2019-03,CLEMENTI,EXECUTIVE,111,07 TO 09,147.0,Maisonette,910000.0,2019,65
338 CLEMENTI AVE 2,Clementi MRT Station,500.2134988,9816.364551,2021-03,CLEMENTI,5 ROOM,338,25 TO 27,119.0,Improved,705000.0,2021,56
435 CLEMENTI AVE 3,Clementi MRT Station,302.4395799,10477.60231,2017-10,CLEMENTI,4 ROOM,435,10 TO 12,91.0,New Generation,535000.0,2017,60
311A CLEMENTI AVE 4,Clementi MRT Station,443.5987396,10351.05005,2021-09,CLEMENTI,4 ROOM,311A,28 TO 30,82.0,DBSS,752888.0,2021,92
311C CLEMENTI AVE 4,Clementi MRT Station,553.3535693,10385.42973,2023-01,CLEMENTI,5 ROOM,311C,22 TO 24,105.0,DBSS,1010000.0,2023,90
339 CLEMENTI AVE 5,Clementi MRT Station,667.7345547,10002.10315,2020-06,CLEMENTI,4 ROOM,339,10 TO 12,92.0,New Generation,480000.0,2020,58
205 CLEMENTI AVE 6,Clementi MRT Station,725.3049245,10748.08467,2019-08,CLEMENTI,4 ROOM,205,04 TO 06,91.0,New Generation,428888.0,2019,64
421 CLEMENTI AVE 1,Clementi MRT Station,752.911416,9671.510513,2020-09,CLEMENTI,4 ROOM,421,16 TO 18,100.0,Model A,715000.0,2020,92
421 CLEMENTI AVE 1,Clementi MRT Station,752.911416,9671.510513,2019-04,CLEMENTI,3 ROOM,421,22 TO 24,74.0,Model A,525000.0,2019,93
612 CLEMENTI WEST ST 1,Clementi MRT Station,1346.492008,9473.691745,2020-09,CLEMENTI,3 ROOM,612,04 TO 06,74.0,Model A,264000.0,2020,62
449 CLEMENTI AVE 3,Clementi MRT Station,171.2712459,10203.53068,2017-04,CLEMENTI,3 ROOM,449,01 TO 03,68.0,New Generation,390000.0,2017,62
308 CLEMENTI AVE 4,Clementi MRT Station,683.6408067,10291.23309,2020-06,CLEMENTI,3 ROOM,308,04 TO 06,67.0,New Generation,270000.0,2020,59
113 CLEMENTI ST 13,Clementi MRT Station,1095.393503,10091.41762,2020-02,CLEMENTI,4 ROOM,113,04 TO 06,104.0,Model A,518000.0,2020,63
411 C'WEALTH AVE WEST,Clementi MRT Station,676.1947539,9603.750927,2020-03,CLEMENTI,4 ROOM,411,10 TO 12,97.0,New Generation,470000.0,2020,57
311B CLEMENTI AVE 4,Clementi MRT Station,481.5427266,10349.06635,2020-07,CLEMENTI,3 ROOM,311B,10 TO 12,60.0,DBSS,515000.0,2020,93
701 WEST COAST RD,Clementi MRT Station,932.1045595,10371.14516,2019-10,CLEMENTI,3 ROOM,701,10 TO 12,67.0,New Generation,275000.0,2019,60
364 CLEMENTI AVE 2,Clementi MRT Station,496.8158095,9745.296589,2017-01,CLEMENTI,3 ROOM,364,04 TO 06,82.0,New Generation,415000.0,2017,60
346 CLEMENTI AVE 5,Clementi MRT Station,580.6399567,9792.979347,2019-11,CLEMENTI,3 ROOM,346,04 TO 06,67.0,New Generation,276000.0,2019,59
320 CLEMENTI AVE 4,Clementi MRT Station,197.8319318,10277.84191,2022-06,CLEMENTI,3 ROOM,320,04 TO 06,67.0,New Generation,360000.0,2022,56
846 SIMS AVE,Eunos MRT Station,294.4802017,6790.456309,2020-10,GEYLANG,EXECUTIVE,846,19 TO 21,160.0,Apartment,895000.0,2020,64
23 HAIG RD,Paya Lebar MRT Station,532.7812574,5965.111492,2017-03,GEYLANG,5 ROOM,23,19 TO 21,118.0,Improved,755000.0,2017,63
112 ALJUNIED CRES,Aljunied MRT Station,503.7398136,5591.750955,2018-09,GEYLANG,3 ROOM,112,04 TO 06,67.0,New Generation,310000.0,2018,61
34 EUNOS CRES,Eunos MRT Station,285.2464065,6944.65765,2019-08,GEYLANG,4 ROOM,34,19 TO 21,90.0,Model A,695000.0,2019,86
4 HAIG RD,Paya Lebar MRT Station,778.3078115,6036.085297,2018-06,GEYLANG,3 ROOM,4,07 TO 09,76.0,Improved,350000.0,2018,57
35 EUNOS CRES,Eunos MRT Station,252.9215987,6986.396433,2021-05,GEYLANG,4 ROOM,35,01 TO 03,85.0,Model A,630000.0,2021,84
10 PINE CL,Mountbatten MRT Station,327.7940676,4496.785701,2020-02,GEYLANG,3 ROOM,10,10 TO 12,82.0,New Generation,410000.0,2020,60
112 ALJUNIED CRES,Aljunied MRT Station,503.7398136,5591.750955,2021-01,GEYLANG,3 ROOM,112,04 TO 06,67.0,New Generation,280000.0,2021,58
97 ALJUNIED CRES,Aljunied MRT Station,620.1393336,5706.959587,2021-08,GEYLANG,3 ROOM,97,04 TO 06,65.0,Improved,278888.0,2021,53
29 BALAM RD,MacPherson MRT Station,493.7093603,6544.801231,2022-02,GEYLANG,5 ROOM,29,13 TO 15,127.0,Improved,760000.0,2022,74
54 PIPIT RD,MacPherson MRT Station,317.309435,6059.444357,2022-11,GEYLANG,4 ROOM,54,07 TO 09,105.0,New Generation,675888.0,2022,62
126 ALJUNIED RD,Mattar MRT Station,380.6675019,5652.03249,2017-08,GEYLANG,5 ROOM,126,13 TO 15,121.0,Improved,575000.0,2017,65
321 UBI AVE 1,Ubi MRT Station,633.2960599,7790.219884,2019-04,GEYLANG,3 ROOM,321,04 TO 06,64.0,Simplified,272000.0,2019,65
45 SIMS DR,Aljunied MRT Station,506.7008156,4851.884289,2018-11,GEYLANG,3 ROOM,45,07 TO 09,65.0,Improved,305000.0,2018,58
121 PAYA LEBAR WAY,Mattar MRT Station,549.2260855,5555.388099,2023-03,GEYLANG,4 ROOM,121,10 TO 12,91.0,New Generation,487000.0,2023,56
3A GEYLANG SERAI,Eunos MRT Station,542.4167734,6529.215117,2017-11,GEYLANG,4 ROOM,3A,10 TO 12,95.0,Model A,645000.0,2017,93
107 ALJUNIED CRES,Aljunied MRT Station,319.4009895,5412.246641,2020-03,GEYLANG,4 ROOM,107,04 TO 06,91.0,New Generation,470000.0,2020,60
9 EUNOS CRES,Eunos MRT Station,228.4094818,7157.035172,2022-12,GEYLANG,4 ROOM,9,10 TO 12,92.0,New Generation,538000.0,2022,55
30 CASSIA CRES,Mountbatten MRT Station,369.5147109,4610.99013,2021-08,GEYLANG,4 ROOM,30,10 TO 12,102.0,Model A,720000.0,2021,76
95 ALJUNIED CRES,MacPherson MRT Station,600.8642282,5779.03187,2018-04,GEYLANG,3 ROOM,95,04 TO 06,76.0,Improved,328000.0,2018,56
987C BUANGKOK GREEN,Buangkok MRT Station,1750.777122,11051.89695,2021-03,HOUGANG,4 ROOM,987C,10 TO 12,93.0,Model A,445000.0,2021,93
601 HOUGANG AVE 4,Hougang MRT Station,587.5119521,10483.35864,2022-12,HOUGANG,5 ROOM,601,04 TO 06,122.0,Improved,595000.0,2022,63
317 HOUGANG AVE 7,Hougang MRT Station,802.9132129,10395.59461,2017-03,HOUGANG,3 ROOM,317,01 TO 03,67.0,New Generation,260000.0,2017,65
477B UPP SERANGOON VIEW,Buangkok MRT Station,1314.998395,12121.86641,2021-07,HOUGANG,4 ROOM,477B,07 TO 09,92.0,Premium Apartment,545000.0,2021,94
951 HOUGANG AVE 9,Hougang MRT Station,1653.969495,10681.26101,2021-09,HOUGANG,5 ROOM,951,01 TO 03,121.0,Improved,475000.0,2021,77
511 HOUGANG AVE 10,Hougang MRT Station,415.4674099,10693.97764,2021-04,HOUGANG,3 ROOM,511,04 TO 06,64.0,Simplified,306000.0,2021,64
966 HOUGANG AVE 9,Buangkok MRT Station,1722.585283,10945.67096,2022-12,HOUGANG,5 ROOM,966,01 TO 03,116.0,Improved,598888.0,2022,76
570 HOUGANG ST 51,Buangkok MRT Station,769.3098803,11275.99401,2019-10,HOUGANG,4 ROOM,570,01 TO 03,100.0,Model A,360000.0,2019,77
701 HOUGANG AVE 2,Hougang MRT Station,686.5546425,10095.96002,2017-04,HOUGANG,4 ROOM,701,07 TO 09,91.0,New Generation,390088.88,2017,67
372 HOUGANG ST 31,Kovan MRT Station,676.5002033,9860.512339,2020-11,HOUGANG,5 ROOM,372,10 TO 12,120.0,Improved,630000.0,2020,78
376A HOUGANG ST 32,Hougang MRT Station,876.2064141,10064.32251,2020-06,HOUGANG,4 ROOM,376A,10 TO 12,92.0,Model A,483888.0,2020,95
555 HOUGANG ST 51,Buangkok MRT Station,515.5780529,11505.35288,2021-01,HOUGANG,4 ROOM,555,01 TO 03,103.0,Model A,408000.0,2021,70
851 HOUGANG CTRL,Hougang MRT Station,186.1252608,10728.1419,2017-06,HOUGANG,EXECUTIVE,851,01 TO 03,141.0,Apartment,790000.0,2017,79
142 LOR AH SOO,Kovan MRT Station,827.1752359,8503.816965,2020-09,HOUGANG,4 ROOM,142,04 TO 06,103.0,Model A,375000.0,2020,63
966 HOUGANG AVE 9,Buangkok MRT Station,1722.585283,10945.67096,2018-07,HOUGANG,5 ROOM,966,01 TO 03,116.0,Improved,400000.0,2018,80
239 HOUGANG ST 22,Kovan MRT Station,761.0726141,9171.663171,2022-07,HOUGANG,4 ROOM,239,10 TO 12,104.0,Model A,485000.0,2022,61
661 HOUGANG AVE 4,Hougang MRT Station,1107.773278,10658.32563,2019-11,HOUGANG,4 ROOM,661,07 TO 09,107.0,Model A,380000.0,2019,67
711 HOUGANG AVE 2,Kovan MRT Station,744.8834107,10069.61883,2019-03,HOUGANG,4 ROOM,711,07 TO 09,94.0,New Generation,350000.0,2019,66
926 HOUGANG ST 91,Hougang MRT Station,1379.495105,10810.18523,2017-05,HOUGANG,5 ROOM,926,07 TO 09,120.0,Improved,465000.0,2017,80
912 HOUGANG ST 91,Buangkok MRT Station,1123.05499,11169.22351,2017-02,HOUGANG,5 ROOM,912,10 TO 12,120.0,Improved,463000.0,2017,79
288B JURONG EAST ST 21,Jurong East MRT Station,629.0099188,13558.94441,2018-09,JURONG EAST,4 ROOM,288B,04 TO 06,103.0,Model A,490000.0,2018,81
219A JURONG EAST ST 21,Chinese Garden MRT Station,552.1843543,14181.13356,2018-02,JURONG EAST,5 ROOM,219A,10 TO 12,118.0,Improved,560000.0,2018,66
213 JURONG EAST ST 21,Jurong East MRT Station,687.4991289,13872.30967,2020-12,JURONG EAST,5 ROOM,213,22 TO 24,120.0,Improved,580000.0,2020,61
264 JURONG EAST ST 24,Chinese Garden MRT Station,1004.472388,13933.50492,2022-12,JURONG EAST,3 ROOM,264,10 TO 12,68.0,New Generation,360000.0,2022,60
250 JURONG EAST ST 24,Chinese Garden MRT Station,803.7077886,14035.71237,2020-11,JURONG EAST,3 ROOM,250,07 TO 09,82.0,New Generation,339000.0,2020,65
308 JURONG EAST ST 32,Chinese Garden MRT Station,595.2500047,14808.36699,2022-09,JURONG EAST,4 ROOM,308,04 TO 06,104.0,Model A,460000.0,2022,61
211 JURONG EAST ST 21,Jurong East MRT Station,629.305418,13802.71041,2017-06,JURONG EAST,3 ROOM,211,04 TO 06,67.0,New Generation,275000.0,2017,65
371 JURONG EAST ST 32,Chinese Garden MRT Station,677.0501369,15121.61892,2019-09,JURONG EAST,3 ROOM,371,10 TO 12,64.0,Model A,342000.0,2019,94
406 PANDAN GDNS,Jurong East MRT Station,1783.494029,12030.624,2022-03,JURONG EAST,5 ROOM,406,01 TO 03,129.0,Standard,500000.0,2022,56
65 TEBAN GDNS RD,Jurong East MRT Station,1294.09371,13196.16535,2023-01,JURONG EAST,4 ROOM,65,22 TO 24,91.0,Model A,500000.0,2023,79
325 JURONG EAST ST 31,Chinese Garden MRT Station,838.5057216,15435.17169,2023-02,JURONG EAST,EXECUTIVE,325,04 TO 06,141.0,Apartment,730000.0,2023,61
240 JURONG EAST ST 21,Jurong East MRT Station,861.8634372,13796.6921,2018-06,JURONG EAST,5 ROOM,240,07 TO 09,121.0,Improved,480000.0,2018,63
20 TEBAN GDNS RD,Jurong East MRT Station,1126.872618,13337.11345,2017-10,JURONG EAST,4 ROOM,20,37 TO 39,92.0,Model A,488000.0,2017,95
112 JURONG EAST ST 13,Chinese Garden MRT Station,477.9535355,14275.43396,2022-08,JURONG EAST,4 ROOM,112,01 TO 03,102.0,New Generation,428000.0,2022,58
257 JURONG EAST ST 24,Chinese Garden MRT Station,699.3011758,14265.33696,2019-08,JURONG EAST,3 ROOM,257,04 TO 06,67.0,New Generation,265000.0,2019,63
36 TEBAN GDNS RD,Jurong East MRT Station,1474.359133,12754.85061,2019-10,JURONG EAST,3 ROOM,36,04 TO 06,74.0,Improved,210000.0,2019,57
413 PANDAN GDNS,Jurong East MRT Station,1655.019778,12190.13893,2022-08,JURONG EAST,5 ROOM,413,10 TO 12,117.0,Standard,550000.0,2022,56
48 TEBAN GDNS RD,Jurong East MRT Station,1435.828155,13065.63902,2022-10,JURONG EAST,4 ROOM,48,10 TO 12,93.0,New Generation,445000.0,2022,62
37 TEBAN GDNS RD,Jurong East MRT Station,1412.425811,12783.8788,2017-10,JURONG EAST,3 ROOM,37,01 TO 03,67.0,Improved,200000.0,2017,48
22 TEBAN GDNS RD,Jurong East MRT Station,1194.799641,13174.1926,2019-10,JURONG EAST,4 ROOM,22,22 TO 24,92.0,Model A,450000.0,2019,93
987D JURONG WEST ST 93,Pioneer MRT Station,242.4285114,18336.7529,2017-04,JURONG WEST,5 ROOM,987D,04 TO 06,110.0,Premium Apartment,475000.0,2017,88
815 JURONG WEST ST 81,Pioneer MRT Station,871.9356524,18622.42098,2022-04,JURONG WEST,4 ROOM,815,07 TO 09,104.0,Model A,420000.0,2022,67
207 BOON LAY PL,Lakeside MRT Station,860.7528629,16863.8433,2018-02,JURONG WEST,3 ROOM,207,07 TO 09,65.0,Improved,235000.0,2018,57
420 JURONG WEST ST 42,Lakeside MRT Station,983.3421925,15705.34104,2019-03,JURONG WEST,4 ROOM,420,07 TO 09,84.0,Simplified,300000.0,2019,65
470 JURONG WEST ST 41,Lakeside MRT Station,428.0607578,16174.85297,2021-07,JURONG WEST,EXECUTIVE,470,13 TO 15,151.0,Maisonette,740000.0,2021,63
552 JURONG WEST ST 42,Lakeside MRT Station,1003.885661,16743.59009,2023-02,JURONG WEST,4 ROOM,552,07 TO 09,104.0,Model A,483000.0,2023,60
276D JURONG WEST ST 25,Boon Lay MRT Station,1657.846248,18108.39641,2017-08,JURONG WEST,4 ROOM,276D,10 TO 12,90.0,Model A,368000.0,2017,84
437 JURONG WEST AVE 1,Lakeside MRT Station,875.4263891,16072.13369,2022-02,JURONG WEST,4 ROOM,437,04 TO 06,111.0,Model A,428000.0,2022,62
138D YUAN CHING RD,Lakeside MRT Station,1766.233103,15107.39422,2020-03,JURONG WEST,5 ROOM,138D,04 TO 06,108.0,DBSS,645000.0,2020,93
680C JURONG WEST CTRL 1,Boon Lay MRT Station,740.4829278,17621.75514,2022-03,JURONG WEST,4 ROOM,680C,10 TO 12,95.0,Premium Apartment,470000.0,2022,77
186 BOON LAY AVE,Boon Lay MRT Station,978.4549385,17082.5092,2020-09,JURONG WEST,3 ROOM,186,19 TO 21,59.0,Improved,235000.0,2020,54
180B BOON LAY DR,Boon Lay MRT Station,1087.33217,17376.61379,2019-10,JURONG WEST,2 ROOM,180B,10 TO 12,47.0,Model A,225000.0,2019,94
417 JURONG WEST ST 42,Lakeside MRT Station,1055.647717,15727.48793,2017-04,JURONG WEST,4 ROOM,417,07 TO 09,84.0,Simplified,342000.0,2017,67
656C JURONG WEST ST 61,Pioneer MRT Station,344.0173201,17831.30738,2020-12,JURONG WEST,EXECUTIVE,656C,07 TO 09,132.0,Apartment,558000.0,2020,80
336 TAH CHING RD,Lakeside MRT Station,694.078432,15493.16057,2020-05,JURONG WEST,EXECUTIVE,336,16 TO 18,140.0,Apartment,678000.0,2020,76
119 HO CHING RD,Lakeside MRT Station,1075.667385,15228.68822,2021-11,JURONG WEST,3 ROOM,119,04 TO 06,67.0,Improved,280000.0,2021,50
729 JURONG WEST AVE 5,Pioneer MRT Station,977.5911529,18462.06158,2017-11,JURONG WEST,4 ROOM,729,10 TO 12,104.0,Model A,310000.0,2017,71
211 BOON LAY PL,Lakeside MRT Station,880.473302,16887.65693,2022-03,JURONG WEST,3 ROOM,211,10 TO 12,65.0,Improved,278000.0,2022,53
746 JURONG WEST ST 73,Pioneer MRT Station,1091.448407,18495.46669,2017-06,JURONG WEST,4 ROOM,746,01 TO 03,104.0,Model A,320000.0,2017,72
481 JURONG WEST ST 41,Lakeside MRT Station,555.7013119,15706.43105,2022-09,JURONG WEST,3 ROOM,481,01 TO 03,67.0,New Generation,335000.0,2022,62
8A UPP BOON KENG RD,Kallang MRT Station,241.6779032,3893.160832,2021-11,KALLANG/WHAMPOA,3 ROOM,8A,25 TO 27,70.0,Premium Apartment,625000.0,2021,95
10B BENDEMEER RD,Bendemeer MRT Station,357.4398126,3728.609619,2022-07,KALLANG/WHAMPOA,4 ROOM,10B,25 TO 27,93.0,Model A,910800.0,2022,94
101 WHAMPOA DR,Farrer Park MRT Station,811.4145694,4146.83925,2022-06,KALLANG/WHAMPOA,4 ROOM,101,22 TO 24,91.0,Improved,450000.0,2022,51
104 WHAMPOA DR,Farrer Park MRT Station,861.6849152,4185.772086,2017-12,KALLANG/WHAMPOA,5 ROOM,104,16 TO 18,120.0,Improved,688000.0,2017,80
10B BENDEMEER RD,Bendemeer MRT Station,357.4398126,3728.609619,2022-05,KALLANG/WHAMPOA,3 ROOM,10B,25 TO 27,68.0,Model A,675000.0,2022,94
102 JLN RAJAH,Toa Payoh MRT Station,652.987367,5000.593479,2018-08,KALLANG/WHAMPOA,4 ROOM,102,01 TO 03,94.0,New Generation,440000.0,2018,62
15 FARRER PK RD,Farrer Park MRT Station,415.127501,3101.161833,2018-10,KALLANG/WHAMPOA,4 ROOM,15,22 TO 24,76.0,Model A,576000.0,2018,85
52 KENT RD,Pasir Panjang MRT Station,494.7119506,6776.202,2022-11,KALLANG/WHAMPOA,4 ROOM,52,07 TO 09,93.0,New Generation,573000.0,2022,59
27 JLN BAHAGIA,Boon Keng MRT Station,738.6410876,4833.453836,2019-09,KALLANG/WHAMPOA,3 ROOM,27,01 TO 03,56.0,Standard,216666.0,2019,50
8 JLN BATU,Mountbatten MRT Station,400.5490596,4159.776141,2023-03,KALLANG/WHAMPOA,2 ROOM,8,01 TO 03,48.0,Standard,278000.0,2023,46
816 JELLICOE RD,Lavender MRT Station,175.9208117,2870.497457,2018-01,KALLANG/WHAMPOA,4 ROOM,816,01 TO 03,85.0,Model A,590000.0,2018,84
45 BENDEMEER RD,Boon Keng MRT Station,557.3361201,4657.350319,2021-03,KALLANG/WHAMPOA,3 ROOM,45,10 TO 12,66.0,Improved,290000.0,2021,50
50 DORSET RD,Farrer Park MRT Station,428.075608,3334.645966,2017-09,KALLANG/WHAMPOA,3 ROOM,50,04 TO 06,68.0,New Generation,370000.0,2017,61
12 KG ARANG RD,Mountbatten MRT Station,608.1481383,4109.068372,2021-12,KALLANG/WHAMPOA,3 ROOM,12,01 TO 03,107.0,New Generation,590000.0,2021,60
10C BENDEMEER RD,Bendemeer MRT Station,353.5304832,3777.512542,2022-05,KALLANG/WHAMPOA,4 ROOM,10C,13 TO 15,93.0,Model A,840000.0,2022,94
8 BOON KENG RD,Bendemeer MRT Station,345.8419992,3866.405157,2020-03,KALLANG/WHAMPOA,5 ROOM,8,37 TO 39,107.0,DBSS,965000.0,2020,90
9 BOON KENG RD,Bendemeer MRT Station,327.8682965,3817.699269,2019-03,KALLANG/WHAMPOA,5 ROOM,9,04 TO 06,113.0,DBSS,852000.0,2019,91
23 ST. GEORGE'S RD,Boon Keng MRT Station,576.8882312,4823.976356,2021-05,KALLANG/WHAMPOA,3 ROOM,23,01 TO 03,82.0,New Generation,393000.0,2021,62
108B MCNAIR RD,Boon Keng MRT Station,305.0964309,4178.139336,2021-03,KALLANG/WHAMPOA,4 ROOM,108B,22 TO 24,90.0,Model A,720000.0,2021,82
117B JLN TENTERAM,Boon Keng MRT Station,915.1527754,5104.838027,2022-04,KALLANG/WHAMPOA,4 ROOM,117B,10 TO 12,93.0,Model A,750000.0,2022,94
71 MARINE DR,Eunos MRT Station,1802.961579,6842.665677,2020-12,MARINE PARADE,5 ROOM,71,10 TO 12,126.0,Standard,788000.0,2020,56
46 MARINE CRES,Kembangan MRT Station,1762.373078,7253.499099,2020-02,MARINE PARADE,5 ROOM,46,07 TO 09,130.0,Adjoined flat,768000.0,2020,54
33 MARINE CRES,Kembangan MRT Station,2035.152525,7115.759595,2022-03,MARINE PARADE,3 ROOM,33,01 TO 03,65.0,Improved,420000.0,2022,52
76 MARINE DR,Eunos MRT Station,1929.546035,6656.738286,2020-08,MARINE PARADE,4 ROOM,76,04 TO 06,82.0,Improved,450000.0,2020,55
72 MARINE DR,Eunos MRT Station,1806.815895,6772.85684,2022-01,MARINE PARADE,5 ROOM,72,13 TO 15,120.0,Standard,950000.0,2022,54
31 MARINE CRES,Kembangan MRT Station,1923.833061,7074.324134,2018-01,MARINE PARADE,3 ROOM,31,04 TO 06,65.0,Improved,407000.0,2018,56
29 MARINE CRES,Kembangan MRT Station,2011.359656,7229.842102,2022-10,MARINE PARADE,5 ROOM,29,01 TO 03,122.0,Standard,790000.0,2022,52
33 MARINE CRES,Kembangan MRT Station,2035.152525,7115.759595,2018-09,MARINE PARADE,3 ROOM,33,16 TO 18,76.0,Improved,502000.0,2018,56
17 MARINE TER,Kembangan MRT Station,1914.547132,7364.731267,2021-04,MARINE PARADE,4 ROOM,17,13 TO 15,82.0,Improved,445000.0,2021,53
78 MARINE DR,Eunos MRT Station,2096.794588,6678.506927,2019-07,MARINE PARADE,5 ROOM,78,13 TO 15,117.0,Standard,905000.0,2019,57
57 MARINE TER,Kembangan MRT Station,1655.859041,7569.746568,2019-07,MARINE PARADE,3 ROOM,57,07 TO 09,65.0,Improved,323000.0,2019,55
14 MARINE TER,Kembangan MRT Station,1961.173547,7485.703059,2022-10,MARINE PARADE,5 ROOM,14,04 TO 06,117.0,Standard,840000.0,2022,52
3 MARINE TER,Kembangan MRT Station,1946.534226,7753.052441,2018-03,MARINE PARADE,5 ROOM,3,16 TO 18,120.0,Standard,780000.0,2018,56
8 MARINE TER,Kembangan MRT Station,1876.923435,7589.666237,2022-04,MARINE PARADE,3 ROOM,8,04 TO 06,76.0,Improved,440000.0,2022,52
57 MARINE TER,Kembangan MRT Station,1655.859041,7569.746568,2022-09,MARINE PARADE,3 ROOM,57,07 TO 09,65.0,Improved,368000.0,2022,52
54 MARINE TER,Kembangan MRT Station,1755.115408,7507.406368,2018-11,MARINE PARADE,4 ROOM,54,07 TO 09,88.0,Improved,495000.0,2018,56
12 MARINE TER,Kembangan MRT Station,1843.23813,7559.104181,2021-09,MARINE PARADE,5 ROOM,12,01 TO 03,120.0,Standard,700000.0,2021,53
45 MARINE CRES,Kembangan MRT Station,1823.970367,7211.170511,2020-09,MARINE PARADE,4 ROOM,45,13 TO 15,88.0,Improved,478000.0,2020,54
66 MARINE DR,Eunos MRT Station,1898.864517,6902.740114,2022-05,MARINE PARADE,3 ROOM,66,13 TO 15,65.0,Improved,429500.0,2022,53
7 MARINE TER,Kembangan MRT Station,1934.08143,7704.192842,2023-02,MARINE PARADE,3 ROOM,7,07 TO 09,70.0,Improved,428000.0,2023,51
197 PASIR RIS ST 12,Tampines East MRT Station,1317.738244,15277.06291,2022-07,PASIR RIS,5 ROOM,197,07 TO 09,124.0,Improved,588000.0,2022,70
457 PASIR RIS DR 4,Pasir Ris MRT Station,1142.992904,15537.39538,2020-11,PASIR RIS,EXECUTIVE,457,07 TO 09,147.0,Apartment,615000.0,2020,71
524C PASIR RIS ST 51,Pasir Ris MRT Station,329.7259537,14441.40115,2022-06,PASIR RIS,5 ROOM,524C,07 TO 09,113.0,Improved,760000.0,2022,92
527A PASIR RIS ST 51,Pasir Ris MRT Station,540.0420371,14285.08364,2019-06,PASIR RIS,4 ROOM,527A,04 TO 06,93.0,Model A,545000.0,2019,95
102 PASIR RIS ST 12,Pasir Ris MRT Station,1151.924017,15112.42414,2018-10,PASIR RIS,5 ROOM,102,13 TO 15,122.0,Improved,498000.0,2018,69
564 PASIR RIS ST 51,Pasir Ris MRT Station,504.0271612,14476.49358,2022-11,PASIR RIS,5 ROOM,564,01 TO 03,123.0,Improved,578000.0,2022,69
521 PASIR RIS ST 52,Pasir Ris MRT Station,548.9827715,14408.01251,2017-05,PASIR RIS,4 ROOM,521,07 TO 09,106.0,Model A,430000.0,2017,75
542 PASIR RIS ST 51,Pasir Ris MRT Station,475.7409322,14664.24869,2021-06,PASIR RIS,EXECUTIVE,542,01 TO 03,148.0,Maisonette,685000.0,2021,70
525A PASIR RIS ST 51,Pasir Ris MRT Station,474.5754916,14317.48662,2021-02,PASIR RIS,4 ROOM,525A,07 TO 09,93.0,Model A,560888.0,2021,93
114 PASIR RIS ST 11,Pasir Ris MRT Station,809.8324986,14912.00115,2018-03,PASIR RIS,4 ROOM,114,01 TO 03,111.0,Model A,375000.0,2018,70
638 PASIR RIS DR 1,Pasir Ris MRT Station,1000.377931,14331.99645,2017-04,PASIR RIS,5 ROOM,638,07 TO 09,123.0,Improved,468000.0,2017,77
140 PASIR RIS ST 11,Tampines East MRT Station,995.847272,14975.44371,2020-12,PASIR RIS,5 ROOM,140,07 TO 09,126.0,Improved,500000.0,2020,73
527C PASIR RIS ST 51,Pasir Ris MRT Station,426.9644877,14386.09444,2022-01,PASIR RIS,3 ROOM,527C,04 TO 06,68.0,Model A,415000.0,2022,92
564 PASIR RIS ST 51,Pasir Ris MRT Station,504.0271612,14476.49358,2017-01,PASIR RIS,5 ROOM,564,04 TO 06,123.0,Improved,440000.0,2017,74
739 PASIR RIS DR 10,Pasir Ris MRT Station,1514.950084,14214.67862,2021-12,PASIR RIS,5 ROOM,739,01 TO 03,126.0,Improved,600000.0,2021,74
153 PASIR RIS ST 13,Tampines East MRT Station,1220.231291,15273.42537,2020-09,PASIR RIS,EXECUTIVE,153,01 TO 03,144.0,Apartment,530000.0,2020,74
543 PASIR RIS ST 51,Pasir Ris MRT Station,502.8186246,14658.94725,2019-01,PASIR RIS,EXECUTIVE,543,04 TO 06,144.0,Apartment,710000.0,2019,72
228 PASIR RIS ST 21,Pasir Ris MRT Station,1351.421602,15725.25514,2020-09,PASIR RIS,5 ROOM,228,04 TO 06,126.0,Improved,460000.0,2020,72
228 PASIR RIS ST 21,Pasir Ris MRT Station,1351.421602,15725.25514,2022-09,PASIR RIS,5 ROOM,228,07 TO 09,124.0,Improved,620000.0,2022,70
637 PASIR RIS DR 1,Pasir Ris MRT Station,1080.04509,14341.35183,2022-09,PASIR RIS,5 ROOM,637,10 TO 12,122.0,Improved,635000.0,2022,72
188 PUNGGOL CTRL,Punggol MRT Station,1768.428087,14415.70097,2019-02,PUNGGOL,EXECUTIVE,188,10 TO 12,128.0,Premium Apartment,580000.0,2019,84
302A PUNGGOL PL,Punggol MRT Station,1324.568939,14671.3305,2018-12,PUNGGOL,4 ROOM,302A,07 TO 09,93.0,Premium Apartment,483000.0,2018,92
185 EDGEFIELD PLAINS,Sengkang MRT Station,1779.444855,14311.18815,2022-08,PUNGGOL,5 ROOM,185,07 TO 09,110.0,Premium Apartment,560888.0,2022,80
106D PUNGGOL FIELD,Sengkang MRT Station,1475.176035,14126.94544,2019-11,PUNGGOL,5 ROOM,106D,07 TO 09,110.0,Improved,450000.0,2019,83
619D PUNGGOL DR,Punggol MRT Station,1420.124502,14756.29052,2017-08,PUNGGOL,4 ROOM,619D,13 TO 15,95.0,Premium Apartment,436888.0,2017,95
118 EDGEFIELD PLAINS,Sengkang MRT Station,1287.22055,13926.74491,2019-12,PUNGGOL,EXECUTIVE,118,10 TO 12,130.0,Premium Apartment,548000.0,2019,83
168D PUNGGOL FIELD,Sengkang MRT Station,2073.144477,14094.41779,2020-07,PUNGGOL,4 ROOM,168D,16 TO 18,92.0,Model A,435000.0,2020,93
217A SUMANG WALK,Sengkang MRT Station,1249.600698,14131.49731,2022-06,PUNGGOL,4 ROOM,217A,07 TO 09,92.0,Model A,540000.0,2022,94
168D PUNGGOL FIELD,Sengkang MRT Station,2073.144477,14094.41779,2021-05,PUNGGOL,4 ROOM,168D,07 TO 09,92.0,Model A,470888.0,2021,92
313B SUMANG LINK,Punggol MRT Station,1032.387503,15164.67871,2021-07,PUNGGOL,4 ROOM,313B,07 TO 09,92.0,Model A,500000.0,2021,93
210A PUNGGOL PL,Sengkang MRT Station,1075.386632,14050.8319,2021-04,PUNGGOL,3 ROOM,210A,07 TO 09,67.0,Model A,373000.0,2021,92
622C PUNGGOL CTRL,Punggol MRT Station,1579.581754,14604.37901,2018-06,PUNGGOL,3 ROOM,622C,07 TO 09,69.0,Model A,338000.0,2018,95
638B PUNGGOL DR,Punggol MRT Station,1759.29939,14742.65634,2017-11,PUNGGOL,5 ROOM,638B,07 TO 09,111.0,Premium Apartment,438000.0,2017,87
604B PUNGGOL RD,Punggol MRT Station,1264.185257,14744.36881,2020-10,PUNGGOL,4 ROOM,604B,07 TO 09,92.0,Model A,430000.0,2020,91
261C PUNGGOL WAY,Sengkang MRT Station,1544.03345,14460.90089,2022-03,PUNGGOL,4 ROOM,261C,04 TO 06,93.0,Model A,492000.0,2022,93
173B PUNGGOL FIELD,Sengkang MRT Station,1708.910908,14156.83173,2020-08,PUNGGOL,4 ROOM,173B,04 TO 06,90.0,Model A,345000.0,2020,82
234B SUMANG LANE,Sengkang MRT Station,1183.260967,13870.91406,2022-12,PUNGGOL,4 ROOM,234B,13 TO 15,93.0,Model A,578000.0,2022,95
306D PUNGGOL DR,Punggol MRT Station,1062.482614,14929.11574,2017-04,PUNGGOL,4 ROOM,306D,13 TO 15,97.0,Premium Apartment,500000.0,2017,94
210A PUNGGOL PL,Sengkang MRT Station,1075.386632,14050.8319,2018-07,PUNGGOL,4 ROOM,210A,04 TO 06,92.0,Model A,425000.0,2018,95
265A PUNGGOL WAY,Sengkang MRT Station,1586.267563,14554.16541,2019-01,PUNGGOL,4 ROOM,265A,16 TO 18,92.0,Model A,540000.0,2019,95
19 GHIM MOH RD,Buona Vista MRT Station,514.3197127,7684.339173,2020-03,QUEENSTOWN,3 ROOM,19,10 TO 12,65.0,Improved,318000.0,2020,56
5 DOVER CRES,one-north MRT Station,719.8272874,7988.527764,2017-08,QUEENSTOWN,3 ROOM,5,07 TO 09,67.0,New Generation,350000.0,2017,61
92 DAWSON RD,Queenstown MRT Station,568.072377,4665.026739,2022-12,QUEENSTOWN,4 ROOM,92,19 TO 21,87.0,Premium Apartment,870000.0,2022,93
91 DAWSON RD,Queenstown MRT Station,729.5303174,4519.541124,2021-05,QUEENSTOWN,4 ROOM,91,40 TO 42,97.0,Premium Apartment Loft,978000.0,2021,94
90 DAWSON RD,Queenstown MRT Station,686.2908033,4563.990125,2021-07,QUEENSTOWN,4 ROOM,90,22 TO 24,97.0,Premium Apartment Loft,915000.0,2021,94
92 DAWSON RD,Queenstown MRT Station,568.072377,4665.026739,2021-12,QUEENSTOWN,5 ROOM,92,25 TO 27,99.0,Premium Apartment,1030000.0,2021,94
92 DAWSON RD,Queenstown MRT Station,568.072377,4665.026739,2021-12,QUEENSTOWN,5 ROOM,92,40 TO 42,122.0,Premium Apartment Loft,1328000.0,2021,94
59 STRATHMORE AVE,Queenstown MRT Station,595.3221868,4597.15068,2021-08,QUEENSTOWN,4 ROOM,59,10 TO 12,85.0,Model A,710000.0,2021,78
111 C'WEALTH CRES,Commonwealth MRT Station,426.538126,6421.926453,2021-02,QUEENSTOWN,3 ROOM,111,04 TO 06,60.0,Standard,288000.0,2021,47
157 MEI LING ST,Queenstown MRT Station,305.8369377,5410.898915,2022-11,QUEENSTOWN,3 ROOM,157,04 TO 06,69.0,Improved,348888.0,2022,47
89 C'WEALTH DR,Commonwealth MRT Station,340.5739924,6291.517267,2017-07,QUEENSTOWN,2 ROOM,89,04 TO 06,48.0,Standard,240000.0,2017,49
50 C'WEALTH DR,Commonwealth MRT Station,195.4038093,6353.937689,2022-09,QUEENSTOWN,4 ROOM,50,16 TO 18,88.0,Model A,850000.0,2022,92
27 DOVER CRES,Dover MRT Station,725.7637766,8173.257939,2017-02,QUEENSTOWN,5 ROOM,27,16 TO 18,120.0,Standard,732000.0,2017,58
167 STIRLING RD,Queenstown MRT Station,631.7984292,5474.901018,2022-05,QUEENSTOWN,3 ROOM,167,04 TO 06,60.0,Improved,338000.0,2022,48
88 DAWSON RD,Queenstown MRT Station,380.4519979,4887.388128,2020-12,QUEENSTOWN,4 ROOM,88,28 TO 30,83.0,Premium Apartment,835000.0,2020,95
21 HOLLAND DR,Holland Village MRT Station,468.3486484,7250.340801,2019-12,QUEENSTOWN,5 ROOM,21,13 TO 15,117.0,Standard,770000.0,2019,55
22 GHIM MOH LINK,Buona Vista MRT Station,580.264981,7882.652929,2019-08,QUEENSTOWN,4 ROOM,22,10 TO 12,93.0,Model A,780000.0,2019,93
11 HOLLAND DR,Dover MRT Station,548.8519932,8375.456426,2022-01,QUEENSTOWN,3 ROOM,11,04 TO 06,65.0,Improved,380000.0,2022,52
62A STRATHMORE AVE,Queenstown MRT Station,595.6098726,4612.755593,2018-10,QUEENSTOWN,5 ROOM,62A,07 TO 09,117.0,Improved,833000.0,2018,92
55 STRATHMORE AVE,Queenstown MRT Station,384.4331563,4809.85794,2020-12,QUEENSTOWN,5 ROOM,55,16 TO 18,110.0,Improved,835000.0,2020,81
588B MONTREAL DR,Sembawang MRT Station,586.7396545,18741.95604,2018-02,SEMBAWANG,EXECUTIVE,588B,10 TO 12,125.0,Apartment,520000.0,2018,83
350C CANBERRA RD,Sembawang MRT Station,107.3172458,18779.54722,2020-07,SEMBAWANG,5 ROOM,350C,13 TO 15,113.0,Improved,490000.0,2020,80
129B CANBERRA ST,Canberra MRT Station,414.5857479,18014.59528,2022-08,SEMBAWANG,2 ROOM,129B,10 TO 12,47.0,Model A,358000.0,2022,95
590A MONTREAL LINK,Sembawang MRT Station,749.4728345,18707.49039,2020-07,SEMBAWANG,3 ROOM,590A,13 TO 15,68.0,Model A,312000.0,2020,94
589A MONTREAL DR,Sembawang MRT Station,640.7101082,18650.74265,2022-05,SEMBAWANG,4 ROOM,589A,07 TO 09,85.0,Model A2,441000.0,2022,79
463A SEMBAWANG DR,Sembawang MRT Station,984.9645006,19530.20262,2019-11,SEMBAWANG,2 ROOM,463A,16 TO 18,46.0,Model A,210000.0,2019,95
108B CANBERRA WALK,Canberra MRT Station,614.0877713,18393.53077,2023-01,SEMBAWANG,5 ROOM,108B,10 TO 12,113.0,Improved,710000.0,2023,94
129B CANBERRA ST,Canberra MRT Station,414.5857479,18014.59528,2022-12,SEMBAWANG,2 ROOM,129B,01 TO 03,47.0,Model A,341000.0,2022,95
463C SEMBAWANG DR,Sembawang MRT Station,1020.334986,19593.20408,2021-02,SEMBAWANG,4 ROOM,463C,13 TO 15,92.0,Model A,448000.0,2021,93
353B ADMIRALTY DR,Sembawang MRT Station,148.1509412,18824.04767,2018-04,SEMBAWANG,4 ROOM,353B,01 TO 03,93.0,Model A,362888.0,2018,83
492 ADMIRALTY LINK,Sembawang MRT Station,880.5883303,19554.09682,2018-09,SEMBAWANG,5 ROOM,492,10 TO 12,110.0,Improved,362000.0,2018,85
313 SEMBAWANG DR,Sembawang MRT Station,538.9695335,18155.96472,2017-09,SEMBAWANG,5 ROOM,313,01 TO 03,120.0,Improved,388000.0,2017,81
503A CANBERRA LINK,Sembawang MRT Station,246.4786964,18822.61095,2021-11,SEMBAWANG,EXECUTIVE,503A,10 TO 12,130.0,Apartment,645000.0,2021,79
501D WELLINGTON CIRCLE,Sembawang MRT Station,345.5410252,18857.84735,2017-06,SEMBAWANG,EXECUTIVE,501D,10 TO 12,130.0,Apartment,500000.0,2017,83
303 CANBERRA RD,Sembawang MRT Station,550.9875466,18165.00897,2018-03,SEMBAWANG,4 ROOM,303,10 TO 12,100.0,Model A,320000.0,2018,79
468A ADMIRALTY DR,Sembawang MRT Station,721.3290444,18988.81718,2019-03,SEMBAWANG,EXECUTIVE,468A,10 TO 12,137.0,Premium Apartment,460000.0,2019,81
119B CANBERRA CRES,Canberra MRT Station,419.569157,18197.52505,2022-02,SEMBAWANG,4 ROOM,119B,10 TO 12,93.0,Model A,568000.0,2022,95
593B MONTREAL LINK,Canberra MRT Station,929.7684278,18792.25274,2022-10,SEMBAWANG,2 ROOM,593B,13 TO 15,47.0,Model A,310000.0,2022,92
359 ADMIRALTY DR,Sembawang MRT Station,470.9191418,18850.83191,2017-07,SEMBAWANG,4 ROOM,359,16 TO 18,95.0,Premium Apartment,400000.0,2017,83
484 ADMIRALTY LINK,Sembawang MRT Station,1031.73748,19660.24968,2019-09,SEMBAWANG,4 ROOM,484,13 TO 15,91.0,Model A,308000.0,2019,83
298B COMPASSVALE ST,Sengkang MRT Station,860.1789641,13671.53181,2022-11,SENGKANG,5 ROOM,298B,04 TO 06,113.0,Premium Apartment,580000.0,2022,78
418A FERNVALE LINK,Buangkok MRT Station,1752.730614,12351.40256,2022-07,SENGKANG,2 ROOM,418A,07 TO 09,38.0,Model A,315000.0,2022,95
336B ANCHORVALE CRES,Sengkang MRT Station,962.0808863,13344.76617,2020-12,SENGKANG,5 ROOM,336B,04 TO 06,112.0,Premium Apartment,530000.0,2020,94
180B RIVERVALE CRES,Sengkang MRT Station,1566.108405,13480.59321,2018-07,SENGKANG,3 ROOM,180B,01 TO 03,67.0,Model A,292000.0,2018,96
338A ANCHORVALE CRES,Sengkang MRT Station,1115.334405,13518.22479,2022-12,SENGKANG,4 ROOM,338A,01 TO 03,93.0,Model A,540000.0,2022,95
272C SENGKANG CTRL,Buangkok MRT Station,173.5493672,12157.08741,2017-04,SENGKANG,4 ROOM,272C,13 TO 15,90.0,Premium Apartment,525000.0,2017,91
271C SENGKANG CTRL,Buangkok MRT Station,277.1360239,12258.12979,2019-09,SENGKANG,4 ROOM,271C,07 TO 09,93.0,Premium Apartment,510000.0,2019,90
194 RIVERVALE DR,Sengkang MRT Station,687.2128216,13350.00539,2018-06,SENGKANG,4 ROOM,194,04 TO 06,91.0,Model A,341000.0,2018,82
443A FERNVALE RD,Buangkok MRT Station,2285.213865,12233.36071,2021-01,SENGKANG,4 ROOM,443A,22 TO 24,95.0,Model A,475000.0,2021,90
295A COMPASSVALE CRES,Sengkang MRT Station,840.8568871,13819.28682,2023-01,SENGKANG,5 ROOM,295A,10 TO 12,110.0,Improved,560000.0,2023,78
334B ANCHORVALE CRES,Sengkang MRT Station,967.8122395,13472.94972,2019-09,SENGKANG,4 ROOM,334B,01 TO 03,92.0,Premium Apartment,380000.0,2019,95
293D COMPASSVALE CRES,Sengkang MRT Station,558.3913873,13497.92458,2022-02,SENGKANG,5 ROOM,293D,13 TO 15,113.0,Improved,688000.0,2022,93
290C COMPASSVALE CRES,Sengkang MRT Station,631.3011136,13617.095,2019-04,SENGKANG,5 ROOM,290C,10 TO 12,110.0,Improved,450000.0,2019,81
223D COMPASSVALE WALK,Sengkang MRT Station,357.5227162,12800.73644,2017-08,SENGKANG,4 ROOM,223D,04 TO 06,102.0,Model A,430000.0,2017,81
432A SENGKANG WEST WAY,Sengkang MRT Station,2062.455959,12688.58037,2021-11,SENGKANG,4 ROOM,432A,10 TO 12,93.0,Model A,526000.0,2021,92
448A SENGKANG WEST WAY,Buangkok MRT Station,2500.915466,12393.74337,2018-07,SENGKANG,4 ROOM,448A,13 TO 15,92.0,Model A,460000.0,2018,95
332C ANCHORVALE LINK,Sengkang MRT Station,536.2249653,13185.44149,2020-08,SENGKANG,4 ROOM,332C,04 TO 06,92.0,Model A,475000.0,2020,94
239 COMPASSVALE WALK,Sengkang MRT Station,300.462868,13064.58041,2019-05,SENGKANG,5 ROOM,239,04 TO 06,122.0,Improved,470000.0,2019,79
116B RIVERVALE DR,Buangkok MRT Station,1031.395232,12339.54525,2023-02,SENGKANG,5 ROOM,116B,04 TO 06,115.0,Improved,538888.0,2023,76
472C FERNVALE ST,Sengkang MRT Station,1673.257671,12963.23804,2020-09,SENGKANG,4 ROOM,472C,10 TO 12,93.0,Model A,450000.0,2020,95
232A SERANGOON AVE 2,Lorong Chuan MRT Station,587.6711106,8109.246148,2021-04,SERANGOON,EXECUTIVE,232A,16 TO 18,140.0,Apartment,1025000.0,2021,76
214 SERANGOON AVE 4,Serangoon MRT Station,746.0185824,8586.028052,2020-12,SERANGOON,4 ROOM,214,01 TO 03,93.0,New Generation,370000.0,2020,64
508 SERANGOON NTH AVE 4,Kovan MRT Station,1654.312569,10194.51809,2017-04,SERANGOON,4 ROOM,508,10 TO 12,101.0,Model A,390000.0,2017,79
239 SERANGOON AVE 2,Serangoon MRT Station,534.9048539,7999.066888,2020-09,SERANGOON,4 ROOM,239,01 TO 03,104.0,Model A,575000.0,2020,64
416 SERANGOON CTRL,Serangoon MRT Station,232.6571449,7878.717861,2017-05,SERANGOON,5 ROOM,416,07 TO 09,121.0,Improved,768000.0,2017,71
322 SERANGOON AVE 3,Serangoon MRT Station,473.8254541,7844.292641,2021-12,SERANGOON,EXECUTIVE,322,04 TO 06,146.0,Maisonette,960000.0,2021,64
303 SERANGOON AVE 2,Lorong Chuan MRT Station,401.3052829,7989.355498,2021-01,SERANGOON,3 ROOM,303,07 TO 09,69.0,Improved,398000.0,2021,62
307 SERANGOON AVE 2,Lorong Chuan MRT Station,479.6062549,8112.364929,2020-06,SERANGOON,4 ROOM,307,04 TO 06,95.0,New Generation,485000.0,2020,64
512 SERANGOON NTH AVE 4,Kovan MRT Station,1662.621211,10143.5909,2017-07,SERANGOON,4 ROOM,512,04 TO 06,100.0,Model A,398000.0,2017,79
234 SERANGOON AVE 3,Serangoon MRT Station,584.8036827,8194.470571,2020-10,SERANGOON,4 ROOM,234,04 TO 06,84.0,Simplified,394000.0,2020,64
529 SERANGOON NTH AVE 4,Kovan MRT Station,2006.704262,10196.11016,2021-12,SERANGOON,4 ROOM,529,13 TO 15,110.0,Model A,530000.0,2021,70
543 SERANGOON NTH AVE 3,Kovan MRT Station,2197.614738,10347.14648,2017-12,SERANGOON,EXECUTIVE,543,10 TO 12,140.0,Apartment,703000.0,2017,79
427 SERANGOON CTRL,Serangoon MRT Station,414.6560428,7641.718797,2021-12,SERANGOON,5 ROOM,427,04 TO 06,121.0,Improved,830000.0,2021,67
228 SERANGOON AVE 4,Serangoon MRT Station,692.5588049,8382.144061,2018-07,SERANGOON,4 ROOM,228,10 TO 12,91.0,New Generation,470000.0,2018,65
505 SERANGOON NTH AVE 4,Kovan MRT Station,1743.068736,10359.44648,2018-02,SERANGOON,5 ROOM,505,07 TO 09,124.0,Improved,530000.0,2018,73
145 SERANGOON NTH AVE 1,Kovan MRT Station,1644.441431,9666.409351,2019-02,SERANGOON,4 ROOM,145,04 TO 06,83.0,Simplified,360000.0,2019,66
207 SERANGOON CTRL,Serangoon MRT Station,359.6968021,8207.445529,2018-05,SERANGOON,4 ROOM,207,07 TO 09,88.0,Simplified,518000.0,2018,67
545 SERANGOON NTH AVE 3,Kovan MRT Station,2262.487796,10410.92773,2022-07,SERANGOON,5 ROOM,545,07 TO 09,121.0,Improved,650000.0,2022,74
125 SERANGOON NTH AVE 1,Kovan MRT Station,1599.747578,9513.756906,2017-07,SERANGOON,EXECUTIVE,125,10 TO 12,150.0,Maisonette,670000.0,2017,68
233 SERANGOON AVE 3,Serangoon MRT Station,641.2494143,8219.50496,2020-03,SERANGOON,4 ROOM,233,07 TO 09,84.0,Simplified,413000.0,2020,64
891A TAMPINES AVE 8,Tampines MRT Station,903.6420749,11462.75841,2019-12,TAMPINES,4 ROOM,891A,16 TO 18,101.0,Model A,490000.0,2019,77
167D SIMEI LANE,Upper Changi MRT Station,281.7953692,13712.87409,2021-04,TAMPINES,4 ROOM,167D,10 TO 12,94.0,DBSS,660000.0,2021,89
859A TAMPINES AVE 5,Tampines MRT Station,1056.589276,12518.71076,2018-11,TAMPINES,4 ROOM,859A,07 TO 09,104.0,Model A,466000.0,2018,69
893 TAMPINES AVE 8,Tampines MRT Station,970.2319633,11382.76288,2018-02,TAMPINES,EXECUTIVE,893,13 TO 15,137.0,Apartment,690000.0,2018,78
890C TAMPINES AVE 1,Tampines MRT Station,556.418237,11610.57133,2020-03,TAMPINES,3 ROOM,890C,07 TO 09,69.0,Model A,382000.0,2020,94
461 TAMPINES ST 44,Tampines East MRT Station,294.4970519,14207.51188,2019-11,TAMPINES,5 ROOM,461,04 TO 06,122.0,Improved,490000.0,2019,66
256 TAMPINES ST 21,Tampines East MRT Station,615.6251954,13447.70835,2020-10,TAMPINES,5 ROOM,256,01 TO 03,121.0,Improved,500000.0,2020,63
810 TAMPINES AVE 4,Tampines MRT Station,228.1799601,11805.65418,2020-08,TAMPINES,3 ROOM,810,07 TO 09,73.0,Model A,318000.0,2020,63
158 SIMEI RD,Upper Changi MRT Station,347.2269052,13825.74608,2017-06,TAMPINES,5 ROOM,158,01 TO 03,122.0,Improved,505000.0,2017,71
204 TAMPINES ST 21,Tampines East MRT Station,551.1406161,13540.75752,2023-03,TAMPINES,3 ROOM,204,01 TO 03,60.0,Improved,345000.0,2023,59
308 TAMPINES ST 32,Tampines East MRT Station,435.5941693,14048.80155,2020-12,TAMPINES,EXECUTIVE,308,07 TO 09,143.0,Apartment,660000.0,2020,72
842 TAMPINES ST 82,Tampines MRT Station,741.6056414,12104.80874,2020-07,TAMPINES,5 ROOM,842,10 TO 12,122.0,Improved,527000.0,2020,65
713 TAMPINES ST 71,Tampines MRT Station,1520.261547,12783.3309,2022-01,TAMPINES,4 ROOM,713,13 TO 15,100.0,Model A,515000.0,2022,74
936 TAMPINES AVE 5,Tampines MRT Station,378.5258596,12267.43035,2017-11,TAMPINES,4 ROOM,936,04 TO 06,104.0,Model A,475000.0,2017,70
713 TAMPINES ST 71,Tampines MRT Station,1520.261547,12783.3309,2019-11,TAMPINES,4 ROOM,713,01 TO 03,100.0,Model A,370000.0,2019,77
735 TAMPINES ST 72,Tampines MRT Station,1626.107025,12518.93039,2020-02,TAMPINES,4 ROOM,735,04 TO 06,102.0,Model A,405000.0,2020,76
268 TAMPINES ST 21,Tampines East MRT Station,918.6735134,13143.74111,2020-10,TAMPINES,4 ROOM,268,10 TO 12,103.0,Model A,510000.0,2020,63
367A TAMPINES ST 34,Tampines East MRT Station,615.1728286,14644.16069,2021-09,TAMPINES,4 ROOM,367A,01 TO 03,100.0,Model A,450000.0,2021,75
373 TAMPINES ST 34,Tampines East MRT Station,461.8016472,14431.70052,2018-05,TAMPINES,5 ROOM,373,10 TO 12,127.0,Improved,535000.0,2018,76
910 TAMPINES ST 91,Tampines MRT Station,476.8295126,12218.32569,2018-01,TAMPINES,4 ROOM,910,04 TO 06,104.0,Model A,480000.0,2018,65
153 LOR 2 TOA PAYOH,Toa Payoh MRT Station,232.691917,5626.164708,2022-08,TOA PAYOH,5 ROOM,153,07 TO 09,124.0,Improved,1038000.0,2022,76
146 LOR 2 TOA PAYOH,Toa Payoh MRT Station,260.6879111,5738.177931,2019-10,TOA PAYOH,5 ROOM,146,04 TO 06,110.0,Improved,660000.0,2019,86
79E TOA PAYOH CTRL,Toa Payoh MRT Station,343.4449309,5722.082131,2019-01,TOA PAYOH,4 ROOM,79E,04 TO 06,76.0,Model A,515000.0,2019,89
120 LOR 2 TOA PAYOH,Braddell MRT Station,201.6475984,6239.947191,2022-05,TOA PAYOH,2 ROOM,120,04 TO 06,40.0,Standard,270000.0,2022,45
1 LOR 7 TOA PAYOH,Braddell MRT Station,748.2402409,6244.331606,2019-02,TOA PAYOH,3 ROOM,1,01 TO 03,67.0,Improved,195000.0,2019,49
122 POTONG PASIR AVE 1,Potong Pasir MRT Station,469.4958852,5974.663866,2020-10,TOA PAYOH,5 ROOM,122,01 TO 03,140.0,Model A,749000.0,2020,63
202 TOA PAYOH NTH,Braddell MRT Station,331.8921793,6474.648987,2017-12,TOA PAYOH,4 ROOM,202,13 TO 15,87.0,Improved,439000.0,2017,55
154 LOR 2 TOA PAYOH,Toa Payoh MRT Station,174.7027067,5589.851518,2022-08,TOA PAYOH,5 ROOM,154,01 TO 03,124.0,Improved,1030000.0,2022,78
83 LOR 2 TOA PAYOH,Toa Payoh MRT Station,355.8697076,5848.614427,2022-05,TOA PAYOH,3 ROOM,83,01 TO 03,67.0,Improved,338000.0,2022,48
66 LOR 4 TOA PAYOH,Toa Payoh MRT Station,538.5143824,5751.612389,2019-12,TOA PAYOH,3 ROOM,66,10 TO 12,72.0,Standard,265000.0,2019,49
232 LOR 8 TOA PAYOH,Potong Pasir MRT Station,1299.327919,6092.40264,2018-05,TOA PAYOH,3 ROOM,232,07 TO 09,76.0,Improved,328000.0,2018,57
201 TOA PAYOH NTH,Braddell MRT Station,377.6335081,6429.931319,2021-11,TOA PAYOH,4 ROOM,201,01 TO 03,87.0,Improved,405000.0,2021,51
195 KIM KEAT AVE,Boon Keng MRT Station,1182.813465,5264.845562,2018-04,TOA PAYOH,3 ROOM,195,07 TO 09,66.0,Improved,250000.0,2018,54
144 LOR 2 TOA PAYOH,Caldecott MRT Station,478.4884458,5844.98794,2017-01,TOA PAYOH,4 ROOM,144,10 TO 12,91.0,Model A,680000.0,2017,84
248 KIM KEAT LINK,Toa Payoh MRT Station,933.8842739,5372.419918,2017-08,TOA PAYOH,4 ROOM,248,01 TO 03,104.0,Model A,461000.0,2017,71
139 POTONG PASIR AVE 3,Potong Pasir MRT Station,362.5825248,5798.507166,2021-03,TOA PAYOH,3 ROOM,139,01 TO 03,74.0,Model A,383888.0,2021,62
81 LOR 4 TOA PAYOH,Toa Payoh MRT Station,443.988198,5796.087637,2022-08,TOA PAYOH,5 ROOM,81,19 TO 21,122.0,Improved,1020000.0,2022,74
142 LOR 2 TOA PAYOH,Toa Payoh MRT Station,447.9115078,5882.311894,2018-07,TOA PAYOH,5 ROOM,142,25 TO 27,116.0,Improved,895000.0,2018,82
138B LOR 1A TOA PAYOH,Toa Payoh MRT Station,459.9924817,5923.421268,2020-03,TOA PAYOH,5 ROOM,138B,01 TO 03,110.0,DBSS,810000.0,2020,91
206 TOA PAYOH NTH,Braddell MRT Station,206.6396894,6580.365384,2017-06,TOA PAYOH,3 ROOM,206,07 TO 09,65.0,Improved,300000.0,2017,55
712 WOODLANDS DR 70,Admiralty MRT Station,442.7295735,18572.80302,2018-12,WOODLANDS,5 ROOM,712,04 TO 06,118.0,Improved,418000.0,2018,77
786F WOODLANDS DR 60,Admiralty MRT Station,629.2166197,18918.63768,2017-02,WOODLANDS,4 ROOM,786F,04 TO 06,100.0,Model A,350000.0,2017,79
690D WOODLANDS DR 75,Admiralty MRT Station,795.8277421,18299.86243,2021-01,WOODLANDS,5 ROOM,690D,01 TO 03,110.0,Premium Apartment,385000.0,2021,82
727 WOODLANDS CIRCLE,Admiralty MRT Station,365.0568418,18667.35363,2020-07,WOODLANDS,5 ROOM,727,04 TO 06,122.0,Improved,420000.0,2020,76
898A WOODLANDS DR 50,Woodlands MRT Station,753.4747363,17988.46211,2018-02,WOODLANDS,4 ROOM,898A,04 TO 06,99.0,Model A,304000.0,2018,78
783C WOODLANDS RISE,Admiralty MRT Station,726.3771017,18853.49316,2022-09,WOODLANDS,5 ROOM,783C,07 TO 09,113.0,Improved,645000.0,2022,95
523 WOODLANDS DR 14,Woodlands South MRT Station,650.7222352,17794.57401,2022-03,WOODLANDS,EXECUTIVE,523,04 TO 06,142.0,Premium Apartment,655000.0,2022,77
624B WOODLANDS DR 52,Admiralty MRT Station,653.4815822,17728.77853,2023-02,WOODLANDS,4 ROOM,624B,07 TO 09,100.0,Model A,455000.0,2023,74
886B WOODLANDS DR 50,Woodlands MRT Station,729.1679897,18309.23932,2020-12,WOODLANDS,4 ROOM,886B,01 TO 03,92.0,Premium Apartment,398000.0,2020,94
706 WOODLANDS DR 40,Admiralty MRT Station,487.2395966,18370.31227,2017-10,WOODLANDS,5 ROOM,706,10 TO 12,119.0,Improved,433000.0,2017,78
367 WOODLANDS AVE 5,Woodlands MRT Station,324.7951517,18137.46762,2017-08,WOODLANDS,5 ROOM,367,10 TO 12,120.0,Improved,530000.0,2017,78
335 WOODLANDS ST 32,Marsiling MRT Station,787.1337095,18032.34005,2023-01,WOODLANDS,4 ROOM,335,07 TO 09,83.0,Simplified,425000.0,2023,61
690A WOODLANDS DR 75,Admiralty MRT Station,889.3624995,18387.004,2018-04,WOODLANDS,4 ROOM,690A,01 TO 03,90.0,Premium Apartment,330000.0,2018,85
874 WOODLANDS ST 82,Woodlands North MRT Station,726.9464772,18972.96248,2022-06,WOODLANDS,4 ROOM,874,01 TO 03,111.0,Model A,460000.0,2022,73
840 WOODLANDS ST 82,Woodlands North MRT Station,919.9958193,18951.50009,2017-05,WOODLANDS,4 ROOM,840,01 TO 03,104.0,Model A,320000.0,2017,76
805 WOODLANDS ST 81,Woodlands MRT Station,514.262785,18832.19648,2022-05,WOODLANDS,EXECUTIVE,805,07 TO 09,189.0,Apartment,1030000.0,2022,71
524 WOODLANDS DR 14,Woodlands South MRT Station,580.2240506,17746.33538,2022-10,WOODLANDS,4 ROOM,524,10 TO 12,104.0,Premium Apartment,488000.0,2022,77
515 WOODLANDS DR 14,Woodlands MRT Station,318.2575537,18088.04645,2023-02,WOODLANDS,EXECUTIVE,515,01 TO 03,147.0,Premium Apartment,705000.0,2023,75
2 MARSILING DR,Marsiling MRT Station,870.4388425,19237.36861,2021-06,WOODLANDS,3 ROOM,2,10 TO 12,76.0,Improved,268000.0,2021,52
539 WOODLANDS DR 16,Woodlands South MRT Station,183.4527952,17437.86558,2018-06,WOODLANDS,5 ROOM,539,04 TO 06,120.0,Improved,410000.0,2018,81
274 YISHUN ST 22,Yishun MRT Station,993.5709482,17133.66437,2020-01,YISHUN,4 ROOM,274,10 TO 12,104.0,Model A,352000.0,2020,65
432B YISHUN AVE 1,Khatib MRT Station,1512.300774,15058.86474,2022-06,YISHUN,5 ROOM,432B,01 TO 03,112.0,Improved,560000.0,2022,92
345 YISHUN AVE 11,Yishun MRT Station,1014.553443,16106.09033,2022-10,YISHUN,4 ROOM,345,10 TO 12,105.0,Model A,448000.0,2022,65
315B YISHUN AVE 9,Yishun MRT Station,885.1449539,16496.68082,2021-09,YISHUN,5 ROOM,315B,10 TO 12,112.0,Improved,610888.0,2021,93
407 YISHUN AVE 6,Yishun MRT Station,1516.328496,15805.78064,2018-03,YISHUN,4 ROOM,407,07 TO 09,104.0,Model A,340000.0,2018,69
106 YISHUN RING RD,Yishun MRT Station,870.1545456,16631.13737,2021-02,YISHUN,3 ROOM,106,04 TO 06,67.0,New Generation,230000.0,2021,56
717 YISHUN ST 71,Yishun MRT Station,869.6482626,15994.51094,2019-12,YISHUN,3 ROOM,717,01 TO 03,64.0,Simplified,230000.0,2019,67
269 YISHUN ST 22,Yishun MRT Station,1035.677783,17086.07762,2019-10,YISHUN,3 ROOM,269,04 TO 06,64.0,Simplified,252000.0,2019,68
127 YISHUN ST 11,Yishun MRT Station,692.0155987,16872.22898,2018-12,YISHUN,4 ROOM,127,01 TO 03,91.0,New Generation,305000.0,2018,65
771 YISHUN AVE 3,Yishun MRT Station,662.4191565,15724.834,2021-09,YISHUN,4 ROOM,771,04 TO 06,84.0,Simplified,365000.0,2021,63
115B YISHUN RING RD,Yishun MRT Station,980.5486704,16846.37724,2018-11,YISHUN,5 ROOM,115B,07 TO 09,112.0,Improved,415000.0,2018,82
336C YISHUN ST 31,Yishun MRT Station,1049.876864,16477.34184,2020-11,YISHUN,5 ROOM,336C,07 TO 09,112.0,Improved,523000.0,2020,94
429B YISHUN AVE 11,Yishun MRT Station,1800.23831,15340.20523,2019-08,YISHUN,4 ROOM,429B,10 TO 12,92.0,Model A,380000.0,2019,95
610 YISHUN ST 61,Khatib MRT Station,495.6689844,15306.54729,2017-11,YISHUN,4 ROOM,610,10 TO 12,84.0,Simplified,308000.0,2017,68
634 YISHUN ST 61,Khatib MRT Station,702.2403487,15091.67112,2021-05,YISHUN,4 ROOM,634,07 TO 09,84.0,Simplified,353000.0,2021,65
778 YISHUN AVE 2,Khatib MRT Station,541.1174504,15515.80042,2022-08,YISHUN,3 ROOM,778,07 TO 09,74.0,Model A,380000.0,2022,66
103 YISHUN RING RD,Yishun MRT Station,712.7655375,16594.35837,2020-07,YISHUN,3 ROOM,103,01 TO 03,67.0,New Generation,257000.0,2020,64
634 YISHUN ST 61,Khatib MRT Station,702.2403487,15091.67112,2017-03,YISHUN,4 ROOM,634,10 TO 12,84.0,Simplified,310000.0,2017,69
126 YISHUN ST 11,Yishun MRT Station,714.7711675,16810.30467,2019-07,YISHUN,4 ROOM,126,07 TO 09,95.0,New Generation,313000.0,2019,64
431B YISHUN AVE 1,Khatib MRT Station,1605.125361,15192.78526,2020-01,YISHUN,4 ROOM,431B,13 TO 15,92.0,Model A,381000.0,2020,94
